%time,field.linear.x,field.linear.y,field.linear.z,field.angular.x,field.angular.y,field.angular.z
1779682694844093699,0.0,0.0,0.0,0.0,0.0,0.0
1779682695046401986,0.0,0.0,0.0,0.0,0.0,0.0
1779682695247834983,0.0,0.0,0.0,0.0,0.0,0.0
1779682695449072793,0.0,0.0,0.0,0.0,0.0,0.0
1779682695650327061,0.0,0.0,0.0,0.0,0.0,0.0
1779682695851346834,0.0,0.0,0.0,0.0,0.0,0.0
1779682696052869319,0.0,0.0,0.0,0.0,0.0,0.0
1779682696254487028,0.0,0.0,0.0,0.0,0.0,0.0
1779682706960411366,0.0,0.0,0.0,0.0,0.0,0.0
1779682706980290245,0.0,0.0,0.0,0.0,0.0,0.0
1779682712466294693,0.0,0.0,0.0,0.0,0.0,0.0
1779682712565354921,0.0,0.0,0.0,0.0,0.0,0.0
1779682712663414650,0.0,0.0,0.0,0.0,0.0,0.0
1779682712761732012,0.0,0.0,0.0,0.0,0.0,0.0
1779682712863941185,0.0,0.0,0.0,0.0,0.0,0.0
1779682712954838062,0.024595616543185705,0.0,0.0,0.0,0.0,-0.02332282440106659
1779682713054740501,0.024595616543185705,0.0,0.0,0.0,0.0,-0.023617600941240213
1779682713154792990,0.024394407353133186,0.0,0.0,0.0,0.0,-0.02150724202545995
1779682713255141103,0.023885696827227455,0.0,0.0,0.0,0.0,-0.016249103075587468
1779682713354885065,0.023574412754843305,0.0,0.0,0.0,0.0,-0.013823534823225403
1779682713454924238,0.02327069913701833,0.0,0.0,0.0,0.0,-0.011497138567677312
1779682713555500215,0.022966974090161758,0.0,0.0,0.0,0.0,-0.009877678330916129
1779682713655036891,0.022651860120080084,0.0,0.0,0.0,0.0,-0.007870636155592803
1779682713754766425,0.022222853575783668,0.0,0.0,0.0,0.0,-0.005838432832931839
1779682713855566180,0.021934312859103463,0.0,0.0,0.0,0.0,-0.005391071103915901
1779682713955363303,0.021660971585269587,0.0,0.0,0.0,0.0,-0.005370464517608253
1779682714055380792,0.02119019203522283,0.0,0.0,0.0,0.0,-0.0042315022303751615
1779682714155081112,0.02089786704559489,0.0,0.0,0.0,0.0,-0.003337259490609479
1779682714255056792,0.020643504328149997,0.0,0.0,0.0,0.0,-0.002603315639104653
1779682714355681776,0.020351176387233706,0.0,0.0,0.0,0.0,-0.0020451781297770033
1779682714455637626,0.020077821159301464,0.0,0.0,0.0,0.0,-0.0020868129991881146
1779682714557156170,0.01972474143809493,0.0,0.0,0.0,0.0,-0.002121628103219808
1779682714655129756,0.019470375222329327,0.0,0.0,0.0,0.0,-0.002106306396168711
1779682714755087134,0.019041369867400022,0.0,0.0,0.0,0.0,-0.0012330178046182638
1779682714855280153,0.01879839988158768,0.0,0.0,0.0,0.0,-0.0010858299020491957
1779682714955239028,0.01853643071819595,0.0,0.0,0.0,0.0,-0.0010288836731661144
1779682715055214298,0.01829345462509408,0.0,0.0,0.0,0.0,-0.0011488605080141046
1779682715155449221,0.018046682260199592,0.0,0.0,0.0,0.0,-0.0016852290644864265
1779682715264498696,0.0,0.0,0.0,0.0,0.0,0.0
1779682715354900206,0.0248935598895964,0.0,0.0,0.0,0.0,-0.08560826171453773
1779682715455260854,0.024669944556185465,0.0,0.0,0.0,0.0,-0.08610205316353636
1779682715555364861,0.024434936849071952,0.0,0.0,0.0,0.0,-0.08263489886374142
1779682715655149384,0.024131640725717645,0.0,0.0,0.0,0.0,-0.0742235810518953
1779682715755028773,0.023835826122830094,0.0,0.0,0.0,0.0,-0.065174908563438
1779682715855269378,0.02352095584064604,0.0,0.0,0.0,0.0,-0.0562207949735436
1779682715955344014,0.02308837481374794,0.0,0.0,0.0,0.0,-0.044755239172581174
1779682716054957769,0.02277335905384906,0.0,0.0,0.0,0.0,-0.03759906846782379
1779682716155114805,0.022454499817890834,0.0,0.0,0.0,0.0,-0.030964596249376752
1779682716254926302,0.021953404177061372,0.0,0.0,0.0,0.0,-0.02266767192858432
1779682716355665021,0.021668696957524835,0.0,0.0,0.0,0.0,-0.018365418054706595
1779682716454853688,0.021380179559829952,0.0,0.0,0.0,0.0,-0.014798265325102977
1779682716554937268,0.021084061529819193,0.0,0.0,0.0,0.0,-0.011954280906549264
1779682716655108410,0.020822092840459664,0.0,0.0,0.0,0.0,-0.010634776286439718
1779682716755189929,0.02045381580428271,0.0,0.0,0.0,0.0,-0.008977965530871046
1779682716854870362,0.020188054489515876,0.0,0.0,0.0,0.0,-0.0075229860282766126
1779682716954994908,0.019895735091828026,0.0,0.0,0.0,0.0,-0.006157282209922732
1779682717054915767,0.019455342575834745,0.0,0.0,0.0,0.0,-0.004771680296755676
1779682717154972682,0.019189580743800935,0.0,0.0,0.0,0.0,-0.0034572677461108814
1779682717255184211,0.01895419118286091,0.0,0.0,0.0,0.0,-0.0030748460685332546
1779682717354918731,0.018726397554994705,0.0,0.0,0.0,0.0,-0.0026575720510891854
1779682717455168544,0.018468232911963426,0.0,0.0,0.0,0.0,-0.002456651588662928
1779682717554854941,0.01811893238579285,0.0,0.0,0.0,0.0,-0.002619152198249375
1779682717666824319,0.0,0.0,0.0,0.0,0.0,0.0
1779682717754823931,0.024951472219722357,0.0,0.0,0.0,0.0,-0.058470079247343376
1779682717854833021,0.024879391063634394,0.0,0.0,0.0,0.0,-0.05835069651946834
1779682717955185030,0.02465177016199566,0.0,0.0,0.0,0.0,-0.05600773380578061
1779682718055060456,0.024336853928107503,0.0,0.0,0.0,0.0,-0.0497688801644407
1779682718155264951,0.02403708227815135,0.0,0.0,0.0,0.0,-0.04323990550654677
1779682718255645031,0.023604437018981718,0.0,0.0,0.0,0.0,-0.0340203718916392
1779682718354726501,0.023274199253524242,0.0,0.0,0.0,0.0,-0.028565683684681487
1779682718455229885,0.022932563143857505,0.0,0.0,0.0,0.0,-0.023567159598391285
1779682718554771297,0.02264402236367678,0.0,0.0,0.0,0.0,-0.019861184107935914
1779682718656003840,0.022150526267293993,0.0,0.0,0.0,0.0,-0.014223023840910565
1779682718755170344,0.021850599515143253,0.0,0.0,0.0,0.0,-0.011411780632148538
1779682718855101099,0.021573454893198077,0.0,0.0,0.0,0.0,-0.009353149109056158
1779682718954989913,0.021300131507843684,0.0,0.0,0.0,0.0,-0.00822631051600864
1779682719054885844,0.021022997002977085,0.0,0.0,0.0,0.0,-0.006831248318220573
1779682719154912897,0.02061297422718072,0.0,0.0,0.0,0.0,-0.005062119451497149
1779682719255236940,0.020335839924677718,0.0,0.0,0.0,0.0,-0.004182731609003065
1779682719354993372,0.01989546908307456,0.0,0.0,0.0,0.0,-0.0025572453673577966
1779682719455077451,0.019663884334045142,0.0,0.0,0.0,0.0,-0.0019511634431099711
1779682719556288110,0.019417117772404142,0.0,0.0,0.0,0.0,-0.002424058905649451
1779682719654955554,0.01915135975624686,0.0,0.0,0.0,0.0,-0.0020403142952895026
1779682719757271757,0.018900759236011467,0.0,0.0,0.0,0.0,-0.00212046125587273
1779682719855456442,0.018543876279351387,0.0,0.0,0.0,0.0,-0.00211249145939163
1779682719955165519,0.01830468849158686,0.0,0.0,0.0,0.0,-0.0020479489746209056
1779682720066138863,0.0,0.0,0.0,0.0,0.0,0.0
1779682720155160485,0.025163425440953832,0.0,0.0,0.0,0.0,-0.039214887388833386
1779682720255145213,0.02508749630889342,0.0,0.0,0.0,0.0,-0.03942940512923254
1779682720355082883,0.024871166464732617,0.0,0.0,0.0,0.0,-0.037824081048451474
1779682720455261494,0.024529563783940285,0.0,0.0,0.0,0.0,-0.03373305500843671
1779682720555051928,0.024180351179925497,0.0,0.0,0.0,0.0,-0.028317348074313964
1779682720655565398,0.023736193553762667,0.0,0.0,0.0,0.0,-0.02256702742003014
1779682720755002059,0.023428716914916718,0.0,0.0,0.0,0.0,-0.019084820833135452
1779682720855895717,0.022946570760005836,0.0,0.0,0.0,0.0,-0.01328596886639588
1779682720957297939,0.022616288973782636,0.0,0.0,0.0,0.0,-0.009696893623046599
1779682721055509918,0.022251823258599212,0.0,0.0,0.0,0.0,-0.007164555269919215
1779682721155279643,0.021948088577142335,0.0,0.0,0.0,0.0,-0.005519266172477444
1779682721255347064,0.021651955529379166,0.0,0.0,0.0,0.0,-0.004806239116117217
1779682721355443796,0.021359606830786054,0.0,0.0,0.0,0.0,-0.0035788649035959352
1779682721455176573,0.02107485051156307,0.0,0.0,0.0,0.0,-0.0025438538246623787
1779682721554742255,0.02069137047215864,0.0,0.0,0.0,0.0,-0.0013611225693640483
1779682721655106514,0.020402813751726617,0.0,0.0,0.0,0.0,-0.00087536134409405
1779682721754813229,0.019981396472807656,0.0,0.0,0.0,0.0,-0.001267783825596669
1779682721854788018,0.019708032021084114,0.0,0.0,0.0,0.0,-0.0009284619956049234
1779682721955037191,0.019453656158863363,0.0,0.0,0.0,0.0,-0.0008231258085517057
1779682722055377631,0.019195463700251044,0.0,0.0,0.0,0.0,-0.0008965063185277788
1779682722155389678,0.018937286449138353,0.0,0.0,0.0,0.0,-0.0013826379002572775
1779682722254705211,0.018587991098233534,0.0,0.0,0.0,0.0,-0.001064816609154473
1779682722354840841,0.018352604782086942,0.0,0.0,0.0,0.0,-0.0012857490670834526
1779682722455269979,0.01812101985872616,0.0,0.0,0.0,0.0,-0.0010883939243396812
1779682722568153520,0.0,0.0,0.0,0.0,0.0,0.0
1779682722654936295,0.02494817518862615,0.0,0.0,0.0,0.0,-0.026511206439085444
1779682722754885307,0.02487224356892453,0.0,0.0,0.0,0.0,-0.026330132005305318
1779682722854797563,0.024640681568578796,0.0,0.0,0.0,0.0,-0.025499625358828437
1779682722954970762,0.02432560922536394,0.0,0.0,0.0,0.0,-0.022082127122275086
1779682723055071422,0.023995309972349076,0.0,0.0,0.0,0.0,-0.019312299243013586
1779682723154791356,0.02358529417404124,0.0,0.0,0.0,0.0,-0.01608289479495517
1779682723254991593,0.02326639724444235,0.0,0.0,0.0,0.0,-0.013743934688700277
1779682723354877946,0.022784253901245468,0.0,0.0,0.0,0.0,-0.010223910283881033
1779682723455103803,0.022469146199716992,0.0,0.0,0.0,0.0,-0.008113973914310124
1779682723554911875,0.022176821416557923,0.0,0.0,0.0,0.0,-0.006161982755355622
1779682723655753494,0.02190346528739273,0.0,0.0,0.0,0.0,-0.005534900643333729
1779682723754896626,0.02161492235952906,0.0,0.0,0.0,0.0,-0.0048769183123499316
1779682723854872613,0.021231454942016045,0.0,0.0,0.0,0.0,-0.0035750366198575856
1779682723955619837,0.02092773837533273,0.0,0.0,0.0,0.0,-0.002728570675845199
1779682724054927895,0.020646809124139458,0.0,0.0,0.0,0.0,-0.002733921260166805
1779682724155626723,0.020191195514219346,0.0,0.0,0.0,0.0,-0.002682793835107833
1779682724255812752,0.019925427580435372,0.0,0.0,0.0,0.0,-0.002660539729784306
1779682724355527120,0.01965966746697706,0.0,0.0,0.0,0.0,-0.0031002689013704954
1779682724454938459,0.019405292756285535,0.0,0.0,0.0,0.0,-0.0027109838238178474
1779682724554837425,0.019135741157544774,0.0,0.0,0.0,0.0,-0.002938119409984896
1779682724655208131,0.018775066092539545,0.0,0.0,0.0,0.0,-0.0031230091273434235
1779682724755525372,0.018516878652288054,0.0,0.0,0.0,0.0,-0.003165715704482097
1779682724868855597,0.0,0.0,0.0,0.0,0.0,0.0
1779682724954903732,0.0,0.0,0.0,0.0,0.0,0.17772445085664978
1779682725055183655,0.0,0.0,0.0,0.0,0.0,0.3138577636739175
1779682725155035249,0.0,0.0,0.0,0.0,0.0,0.30643156373553415
1779682725254819110,0.0,0.0,0.0,0.0,0.0,0.27756102789545656
1779682725355125869,0.0,0.0,0.0,0.0,0.0,0.23915403323719486
1779682725455194729,0.0,0.0,0.0,0.0,0.0,0.18736079809359496
1779682725555730066,0.0,0.0,0.0,0.0,0.0,0.15274895412931677
1779682725654876763,0.0,0.0,0.0,0.0,0.0,0.11172309443646422
1779682725755584235,0.0,0.0,0.0,0.0,0.0,0.09095581766472127
1779682725855641569,0.01937978149721258,0.0,0.0,0.0,0.0,0.07530710194085544
1779682725955098768,0.019376000867704624,0.0,0.0,0.0,0.0,0.06250629479951242
1779682726055486344,0.0192318169751458,0.0,0.0,0.0,0.0,0.05267004460100522
1779682726155221641,0.01896997376661305,0.0,0.0,0.0,0.0,0.042711179829965085
1779682726254973091,0.018624612634204656,0.0,0.0,0.0,0.0,0.032620166740818024
1779682726355341325,0.018332334490138377,0.0,0.0,0.0,0.0,0.02572423139396185
1779682726465570908,0.0,0.0,0.0,0.0,0.0,0.0
1779682726555214877,0.0,0.0,0.0,0.0,0.0,-0.09107776118320254
1779682726655546894,0.0,0.0,0.0,0.0,0.0,-0.09717084081328708
1779682726755585646,0.0,0.0,0.0,0.0,0.0,-0.09451650415928581
1779682726855816207,0.024931614890568055,0.0,0.0,0.0,0.0,-0.08408185108482902
1779682726955066478,0.022475376738928878,0.0,0.0,0.0,0.0,0.07352269884362694
1779682727055422600,0.0,0.0,0.0,0.0,0.0,0.26409878725286984
1779682727155026465,0.0,0.0,0.0,0.0,0.0,0.31817718874763323
1779682727255130770,0.0,0.0,0.0,0.0,0.0,0.30381138112846384
1779682727355324723,0.0,0.0,0.0,0.0,0.0,0.2650730670154795
1779682727455581825,0.0,0.0,0.0,0.0,0.0,0.22648117271332435
1779682727555429449,0.0,0.0,0.0,0.0,0.0,0.19037567795065613
1779682727655404944,0.0,0.0,0.0,0.0,0.0,0.15637824399198097
1779682727755147994,0.0,0.0,0.0,0.0,0.0,0.11952851671630116
1779682727855178525,0.0,0.0,0.0,0.0,0.0,0.09901770589858738
1779682727955012213,0.018944275949116254,0.0,0.0,0.0,0.0,0.0672441988095529
1779682728055051913,0.018951840909916803,0.0,0.0,0.0,0.0,0.05365246700499371
1779682728155354502,0.018792475195118393,0.0,0.0,0.0,0.0,0.04501674392259514
1779682728254955220,0.0185420042599243,0.0,0.0,0.0,0.0,0.03793415444232784
1779682728355123979,0.018310472714058047,0.0,0.0,0.0,0.0,0.032849260803001434
1779682728455138421,0.01806754628177263,0.0,0.0,0.0,0.0,0.02852998230828463
1779682728565006499,0.0,0.0,0.0,0.0,0.0,0.0
1779682728655289210,0.0,0.0,0.0,0.0,0.0,-0.16296230974422032
1779682728754787116,0.0,0.0,0.0,0.0,0.0,-0.1692661102641554
1779682728855090061,0.0,0.0,0.0,0.0,0.0,-0.16250143951517448
1779682728954768843,0.0,0.0,0.0,0.0,0.0,-0.14407162035622778
1779682729055096649,0.0,0.0,0.0,0.0,0.0,-0.12193253970323648
1779682729155219772,0.0,0.0,0.0,0.0,0.0,-0.10150222783701768
1779682729255446375,0.0243181382745142,0.0,0.0,0.0,0.0,-0.07827414609235095
1779682729355004284,0.024310573365450814,0.0,0.0,0.0,0.0,-0.06324921218213675
1779682729455226262,0.024128454947716777,0.0,0.0,0.0,0.0,-0.04353610736393132
1779682729555342197,0.02382484020748955,0.0,0.0,0.0,0.0,-0.033897133863105444
1779682729654783437,0.023449036742656162,0.0,0.0,0.0,0.0,-0.02534875903986722
1779682729754801186,0.023114964714186535,0.0,0.0,0.0,0.0,-0.02059800394386002
1779682729854991646,0.022777098274879774,0.0,0.0,0.0,0.0,-0.016807826130681325
1779682729954911740,0.02248480149462333,0.0,0.0,0.0,0.0,-0.014582052541973645
1779682730055056074,0.022184886909005056,0.0,0.0,0.0,0.0,-0.011801952481237055
1779682730154992942,0.02189633118781319,0.0,0.0,0.0,0.0,-0.009803429691888077
1779682730255023180,0.021497694580175752,0.0,0.0,0.0,0.0,-0.006336428555653306
1779682730355060169,0.021212949333415915,0.0,0.0,0.0,0.0,-0.004373722240697653
1779682730454964114,0.020787736565268753,0.0,0.0,0.0,0.0,-0.003027077476021045
1779682730555105255,0.020502999189024564,0.0,0.0,0.0,0.0,-0.002416216810432581
1779682730654908537,0.020225829747161903,0.0,0.0,0.0,0.0,-0.0018199538193762743
1779682730754742553,0.01997146567908885,0.0,0.0,0.0,0.0,-0.0011218011782372361
1779682730854694208,0.01961838039733732,0.0,0.0,0.0,0.0,-0.00040404764990453756
1779682730954855567,0.019356413658943084,0.0,0.0,0.0,0.0,8.242173355021976e-05
1779682731054678046,0.018953961168198554,0.0,0.0,0.0,0.0,-0.0003097135981930954
1779682731154984323,0.018718588963403084,0.0,0.0,0.0,0.0,0.00011289419714433091
1779682731255856513,0.018445243880163786,0.0,0.0,0.0,0.0,-0.00038302151351021774
1779682731355921250,0.018198468697329856,0.0,0.0,0.0,0.0,0.00064476085488685
1779682731464924784,0.0,0.0,0.0,0.0,0.0,0.0
1779682731554760394,0.0,0.0,0.0,0.0,0.0,-0.12501265496222436
1779682731654858789,0.0,0.0,0.0,0.0,0.0,-0.12551207856671998
1779682731754929343,0.0,0.0,0.0,0.0,0.0,-0.12062321116835806
1779682731855434915,0.0,0.0,0.0,0.0,0.0,-0.10717037759414094
1779682731954894015,0.0,0.0,0.0,0.0,0.0,-0.09321353158110668
1779682732054784288,0.024840443063509743,0.0,0.0,0.0,0.0,-0.07882848927400621
1779682732154869509,0.02483664692100609,0.0,0.0,0.0,0.0,-0.06441213689672753
1779682732254993241,0.024715240753610843,0.0,0.0,0.0,0.0,-0.05118784515068164
1779682732355138790,0.02437751339667207,0.0,0.0,0.0,0.0,-0.040391997225277976
1779682732455049909,0.023948641761833787,0.0,0.0,0.0,0.0,-0.03079120718887307
1779682732555481408,0.023485534650443157,0.0,0.0,0.0,0.0,-0.02236743771012173
1779682732655375581,0.023170423697084767,0.0,0.0,0.0,0.0,-0.01762408291296491
1779682732754938012,0.022874326102801556,0.0,0.0,0.0,0.0,-0.014055641861378865
1779682732855423064,0.022562988834556114,0.0,0.0,0.0,0.0,-0.012229448241625529
1779682732955980723,0.02227446037493946,0.0,0.0,0.0,0.0,-0.010960955658517513
1779682733055906612,0.02196694539758345,0.0,0.0,0.0,0.0,-0.009530185290435145
1779682733154818104,0.021560725898117188,0.0,0.0,0.0,0.0,-0.007968232206788106
1779682733254890730,0.021108921438376536,0.0,0.0,0.0,0.0,-0.0054128540701556815
1779682733355210600,0.02083936267964211,0.0,0.0,0.0,0.0,-0.004200196651312438
1779682733455110196,0.020573584575852455,0.0,0.0,0.0,0.0,-0.0033285212830046484
1779682733554950574,0.02030401683907758,0.0,0.0,0.0,0.0,-0.003443687281770136
1779682733654778606,0.020030657421624264,0.0,0.0,0.0,0.0,-0.0030040100718102813
1779682733754822142,0.019643405860513267,0.0,0.0,0.0,0.0,-0.0032066914129583735
1779682733855186101,0.019396603830133828,0.0,0.0,0.0,0.0,-0.002593828601975101
1779682733954842528,0.018986564464881703,0.0,0.0,0.0,0.0,-0.0016516634853799284
1779682734055115352,0.01875119121317572,0.0,0.0,0.0,0.0,-0.0021186771005515803
1779682734155128936,0.01851958866363157,0.0,0.0,0.0,0.0,-0.0021743442876122065
1779682734255793489,0.018265214927212406,0.0,0.0,0.0,0.0,-0.0022182708129699913
1779682734367802229,0.0,0.0,0.0,0.0,0.0,0.0
1779682734455453348,0.025083784549184293,0.0,0.0,0.0,0.0,-0.08895853821079924
1779682734555084851,0.024867740959175013,0.0,0.0,0.0,0.0,-0.08917650662814991
1779682734655346334,0.024640355083247654,0.0,0.0,0.0,0.0,-0.0857857903831627
1779682734755088487,0.024314326322136873,0.0,0.0,0.0,0.0,-0.07637276341969979
1779682734855482135,0.023961644621346503,0.0,0.0,0.0,0.0,-0.0655917667867959
1779682734955668786,0.023605051145490653,0.0,0.0,0.0,0.0,-0.054025970154986225
1779682735055114496,0.023176250898524608,0.0,0.0,0.0,0.0,-0.04282279544673617
1779682735154868307,0.022861233829732003,0.0,0.0,0.0,0.0,-0.035114183657802056
1779682735256335577,0.022512033932239515,0.0,0.0,0.0,0.0,-0.028723555370349763
1779682735355658915,0.022193192967226893,0.0,0.0,0.0,0.0,-0.023141321530610992
1779682735455521535,0.02188190460351005,0.0,0.0,0.0,0.0,-0.01822033403503076
1779682735555119816,0.021578190082404854,0.0,0.0,0.0,0.0,-0.015035233062696718
1779682735655311473,0.021168179294046952,0.0,0.0,0.0,0.0,-0.011180900714246822
1779682735755293768,0.020879648010946807,0.0,0.0,0.0,0.0,-0.008699183169299962
1779682735855166657,0.02060249675095038,0.0,0.0,0.0,0.0,-0.006987808785829386
1779682735955156232,0.02031017218310715,0.0,0.0,0.0,0.0,-0.005508408594722902
1779682736054929541,0.01989254308704648,0.0,0.0,0.0,0.0,-0.0036864139341342694
1779682736155388936,0.019638184791364862,0.0,0.0,0.0,0.0,-0.003049133277968852
1779682736258166174,0.019406596900593407,0.0,0.0,0.0,0.0,-0.0027380159335854692
1779682736355118167,0.019144637482382224,0.0,0.0,0.0,0.0,-0.0018471526927994475
1779682736455739123,0.01879155791530632,0.0,0.0,0.0,0.0,-0.0013356136445039635
1779682736555222979,0.018544797848840965,0.0,0.0,0.0,0.0,-0.000986817662158579
1779682736654987979,0.018305615612923765,0.0,0.0,0.0,0.0,-0.0006874734987093456
1779682736765582896,0.0,0.0,0.0,0.0,0.0,0.0
1779682736855961215,0.025099300278645337,0.0,0.0,0.0,0.0,-0.05942270627079771
1779682736955112187,0.025019625810755983,0.0,0.0,0.0,0.0,-0.06009387859698756
1779682737055146083,0.024807177185432853,0.0,0.0,0.0,0.0,-0.05744456802795184
1779682737155373612,0.02448470297208513,0.0,0.0,0.0,0.0,-0.050738884546366214
1779682737255004652,0.024044497273653063,0.0,0.0,0.0,0.0,-0.040387438960411415
1779682737355072064,0.02372188651804738,0.0,0.0,0.0,0.0,-0.03452452731731437
1779682737455270080,0.023251205058522902,0.0,0.0,0.0,0.0,-0.026902798714150467
1779682737554827095,0.022947524565642984,0.0,0.0,0.0,0.0,-0.02244541417933399
1779682737655135925,0.02266281598533367,0.0,0.0,0.0,0.0,-0.018622723784921358
1779682737755115935,0.02226423877227992,0.0,0.0,0.0,0.0,-0.014692466990899211
1779682737855012179,0.02198709900504909,0.0,0.0,0.0,0.0,-0.012312220490930503
1779682737955121181,0.021706169150792886,0.0,0.0,0.0,0.0,-0.010343495983796913
1779682738054937088,0.02136069095712476,0.0,0.0,0.0,0.0,-0.008239989990389551
1779682738154974778,0.02089369984566733,0.0,0.0,0.0,0.0,-0.0061125473683906195
1779682738254684525,0.02062032810466277,0.0,0.0,0.0,0.0,-0.004646416629298322
1779682738355066948,0.02035077671734283,0.0,0.0,0.0,0.0,-0.004726829357747264
1779682738455421792,0.020092614767250386,0.0,0.0,0.0,0.0,-0.004531513703757706
1779682738554862402,0.019731942721256314,0.0,0.0,0.0,0.0,-0.0036587921626841657
1779682738654848112,0.01945099004622703,0.0,0.0,0.0,0.0,-0.002942807448986229
1779682738754748169,0.019238392314767892,0.0,0.0,0.0,0.0,-0.002681113026741344
1779682738854921380,0.0188777139306695,0.0,0.0,0.0,0.0,-0.002296784346210168
1779682738954991151,0.01862713242712084,0.0,0.0,0.0,0.0,-0.002247652657463073
1779682739054805372,0.01834620207214686,0.0,0.0,0.0,0.0,-0.0026219017522894905
1779682739168102959,0.0,0.0,0.0,0.0,0.0,0.0
1779682739255189680,0.0252026960054607,0.0,0.0,0.0,0.0,-0.04187348001159674
1779682739354962033,0.0251305722656176,0.0,0.0,0.0,0.0,-0.04187417519886949
1779682739455524465,0.02491425462564162,0.0,0.0,0.0,0.0,-0.039814937485663005
1779682739554630919,0.02444743242857067,0.0,0.0,0.0,0.0,-0.033841726165603325
1779682739654866618,0.024109608178630924,0.0,0.0,0.0,0.0,-0.02867721067994078
1779682739754889178,0.02380592103031576,0.0,0.0,0.0,0.0,-0.025426324385382726
1779682739854958077,0.023304821845587045,0.0,0.0,0.0,0.0,-0.018216842955163237
1779682739955354002,0.023012501703726103,0.0,0.0,0.0,0.0,-0.014949625324578664
1779682740055060441,0.02269741270788811,0.0,0.0,0.0,0.0,-0.012475665824013715
1779682740155935712,0.02242407872838473,0.0,0.0,0.0,0.0,-0.010547244303170444
1779682740255601398,0.022044427308532816,0.0,0.0,0.0,0.0,-0.009508700716521545
1779682740354794424,0.0,0.0,0.0,0.0,0.0,0.13152515509786455
1779682740466173500,0.0,0.0,0.0,0.0,0.0,0.0
1779682740555004572,0.0,0.0,0.0,0.0,0.0,0.35
1779682740655336717,0.0,0.0,0.0,0.0,0.0,0.35
1779682740755658726,0.0,0.0,0.0,0.0,0.0,0.35
1779682740854941030,0.0,0.0,0.0,0.0,0.0,0.34991922005939446
1779682740955446644,0.0,0.0,0.0,0.0,0.0,0.2907516042031233
1779682741056202945,0.0,0.0,0.0,0.0,0.0,0.24533440590047828
1779682741154910650,0.0,0.0,0.0,0.0,0.0,0.20501047595758615
1779682741255308822,0.0,0.0,0.0,0.0,0.0,0.14746497559274463
1779682741354792684,0.0,0.0,0.0,0.0,0.0,0.12046841998663971
1779682741455132567,0.0,0.0,0.0,0.0,0.0,0.09817955419937763
1779682741555147220,0.023701049301846838,0.0,0.0,0.0,0.0,0.08096189708365698
1779682741654938842,0.023697267814727477,0.0,0.0,0.0,0.0,0.06738252796964739
1779682741755405754,0.0,0.0,0.0,0.0,0.0,0.11621444175970896
1779682741855880012,0.0,0.0,0.0,0.0,0.0,0.2771223474863832
1779682741955204421,0.0,0.0,0.0,0.0,0.0,0.35
1779682742055204612,0.0,0.0,0.0,0.0,0.0,0.35
1779682742154973913,0.0,0.0,0.0,0.0,0.0,0.35
1779682742255451666,0.0,0.0,0.0,0.0,0.0,0.32469185402971057
1779682742355600439,0.0,0.0,0.0,0.0,0.0,0.2634742375420054
1779682742455245563,0.0,0.0,0.0,0.0,0.0,0.22746392153735318
1779682742555686676,0.0,0.0,0.0,0.0,0.0,0.1770613044012126
1779682742654779102,0.0,0.0,0.0,0.0,0.0,0.14744422911343413
1779682742755369464,0.0,0.0,0.0,0.0,0.0,0.10372736854708653
1779682742854943867,0.021183011411554795,0.0,0.0,0.0,0.0,0.08810562915570319
1779682742955443394,0.0,0.0,0.0,0.0,0.0,0.1206923708404799
1779682743055523978,0.0,0.0,0.0,0.0,0.0,0.2432906084943034
1779682743155456999,0.0,0.0,0.0,0.0,0.0,0.3239455267257816
1779682743255115692,0.0,0.0,0.0,0.0,0.0,0.2980523500989696
1779682743355045192,0.0,0.0,0.0,0.0,0.0,0.248196882758148
1779682743455036362,0.0,0.0,0.0,0.0,0.0,0.21285725763033758
1779682743554890597,0.0,0.0,0.0,0.0,0.0,0.17777203931253238
1779682743655119286,0.0,0.0,0.0,0.0,0.0,0.14721270236916428
1779682743755830083,0.0,0.0,0.0,0.0,0.0,0.12232792488878319
1779682743855040468,0.0,0.0,0.0,0.0,0.0,0.10237430055222418
1779682743954967160,0.022775753669971657,0.0,0.0,0.0,0.0,0.07801533642855185
1779682744054946893,0.022775750788534593,0.0,0.0,0.0,0.0,0.06369782718241179
1779682744154856126,0.02275551483852931,0.0,0.0,0.0,0.0,0.06473548247743777
1779682744255177997,0.0,0.0,0.0,0.0,0.0,0.14118068061575406
1779682744354804415,0.0,0.0,0.0,0.0,0.0,0.14922232652105216
1779682744454779806,0.0,0.0,0.0,0.0,0.0,0.13929720514141408
1779682744555040563,0.0,0.0,0.0,0.0,0.0,0.12273317541235507
1779682744654828058,0.0,0.0,0.0,0.0,0.0,0.10408291761521848
1779682744756654472,0.02255175712764256,0.0,0.0,0.0,0.0,0.07863602615468479
1779682744854967661,0.02256312740689034,0.0,0.0,0.0,0.0,0.06369838452076326
1779682744955615545,0.022377234636463225,0.0,0.0,0.0,0.0,0.051542977167824855
1779682745054913713,0.022047109544288228,0.0,0.0,0.0,0.0,0.041388294766121936
1779682745155033240,0.021690349229252892,0.0,0.0,0.0,0.0,0.03271978925463337
1779682745254915254,0.021401875158703152,0.0,0.0,0.0,0.0,0.027712863296540213
1779682745355097802,0.020972899383416684,0.0,0.0,0.0,0.0,0.020399721660111947
1779682745455414567,0.020699561097917832,0.0,0.0,0.0,0.0,0.01638970972071019
1779682745554990938,0.02042241751379318,0.0,0.0,0.0,0.0,0.014083559538218493
1779682745655203519,0.020145296155201234,0.0,0.0,0.0,0.0,0.011141683535982327
1779682745755868432,0.01983020042070003,0.0,0.0,0.0,0.0,0.009962977770139103
1779682745855631140,0.019488509940446628,0.0,0.0,0.0,0.0,0.008056066501344716
1779682745955765704,0.019230332487185156,0.0,0.0,0.0,0.0,0.006924751646422367
1779682746054999645,0.0189342327486299,0.0,0.0,0.0,0.0,0.005515304287302181
1779682746154849297,0.018641887394315788,0.0,0.0,0.0,0.0,0.0037946805752382406
1779682746254984939,0.018406518477780236,0.0,0.0,0.0,0.0,0.0026894447846952385
1779682746355142996,0.018019249688172128,0.0,0.0,0.0,0.0,0.0020152671051159032
1779682746463690995,0.0,0.0,0.0,0.0,0.0,0.0
1779682746554782237,0.0,0.0,0.0,0.0,0.0,-0.3200824612897466
1779682746654851525,0.0,0.0,0.0,0.0,0.0,-0.32252994245161526
1779682746755537733,0.0,0.0,0.0,0.0,0.0,-0.2972025323283982
1779682746856263687,0.0,0.0,0.0,0.0,0.0,-0.26204145491853637
1779682746954894922,0.0,0.0,0.0,0.0,0.0,-0.22113402109759672
1779682747054722362,0.0,0.0,0.0,0.0,0.0,-0.16403644192492095
1779682747154918760,0.0,0.0,0.0,0.0,0.0,-0.13521596967251748
1779682747254975596,0.0,0.0,0.0,0.0,0.0,-0.11269852698886584
1779682747354775228,0.0,0.0,0.0,0.0,0.0,-0.09496039231219999
1779682747455242787,0.0234983388286228,0.0,0.0,0.0,0.0,-0.07162205625816731
1779682747554842678,0.023494540376642923,0.0,0.0,0.0,0.0,-0.05781199140765514
1779682747654855939,0.023300964589715516,0.0,0.0,0.0,0.0,-0.038643052944712375
1779682747754898733,0.022989716519801872,0.0,0.0,0.0,0.0,-0.03184184888290753
1779682747854841053,0.022754379450668542,0.0,0.0,0.0,0.0,-0.027491700798580876
1779682747955187835,0.022291250049299067,0.0,0.0,0.0,0.0,-0.020663826554969678
1779682748055189786,0.021983739580700167,0.0,0.0,0.0,0.0,-0.016969343866249265
1779682748154892549,0.021657245899717875,0.0,0.0,0.0,0.0,-0.014190672622056422
1779682748254799308,0.02134594575929808,0.0,0.0,0.0,0.0,-0.011977532149597181
1779682748356289908,0.021042215118053313,0.0,0.0,0.0,0.0,-0.009653062298180304
1779682748455285405,0.020749914613505407,0.0,0.0,0.0,0.0,-0.006968900712119641
1779682748556264737,0.020476556533781866,0.0,0.0,0.0,0.0,-0.006108408429441381
1779682748655410630,0.02021458357629022,0.0,0.0,0.0,0.0,-0.005108887846865251
1779682748754722138,0.01985013413948482,0.0,0.0,0.0,0.0,-0.004232778375716562
1779682748854883444,0.019576753104308394,0.0,0.0,0.0,0.0,-0.004311617112674027
1779682748954802236,0.01926161653170165,0.0,0.0,0.0,0.0,-0.003683549828323418
1779682749055281946,0.019011032597691623,0.0,0.0,0.0,0.0,-0.003926581003332652
1779682749155087574,0.018631352231333307,0.0,0.0,0.0,0.0,-0.002551292161198093
1779682749255629637,0.018373192343466932,0.0,0.0,0.0,0.0,-0.0017377624455177099
1779682749355132448,0.018118791261153257,0.0,0.0,0.0,0.0,-0.0019988165000803804
1779682749463692920,0.0,0.0,0.0,0.0,0.0,0.0
1779682749555232681,0.0,0.0,0.0,0.0,0.0,-0.23238289033627924
1779682749654936715,0.0,0.0,0.0,0.0,0.0,-0.2332116000997404
1779682749755273471,0.0,0.0,0.0,0.0,0.0,-0.2218900199646867
1779682749855577772,0.0,0.0,0.0,0.0,0.0,-0.19572525306935273
1779682749954883874,0.0,0.0,0.0,0.0,0.0,-0.16588255489966308
1779682750055085799,0.0,0.0,0.0,0.0,0.0,-0.14067558658739598
1779682750154878267,0.0,0.0,0.0,0.0,0.0,-0.11857370003742984
1779682750254839041,0.0,0.0,0.0,0.0,0.0,-0.09283651591809172
1779682750355229723,0.024279243370910128,0.0,0.0,0.0,0.0,-0.07613967320194959
1779682750455311126,0.024283044948961788,0.0,0.0,0.0,0.0,-0.053670122408708054
1779682750555694464,0.02408575248840617,0.0,0.0,0.0,0.0,-0.047965491650534764
1779682750655062821,0.023725238344404646,0.0,0.0,0.0,0.0,-0.04074345055049344
1779682750754936218,0.023398813434579092,0.0,0.0,0.0,0.0,-0.03413546000231937
1779682750855198773,0.023083761244304106,0.0,0.0,0.0,0.0,-0.029668640498710985
1779682750956567315,0.022783882448627637,0.0,0.0,0.0,0.0,-0.02666825469617673
1779682751054920828,0.022415652515830085,0.0,0.0,0.0,0.0,-0.020585815578496702
1779682751155101774,0.022127132549009252,0.0,0.0,0.0,0.0,-0.018136658542901585
1779682751254985599,0.021663969426287972,0.0,0.0,0.0,0.0,-0.012919976112927722
1779682751354854657,0.021603953167147198,0.0,0.0,0.0,0.0,0.004576394082956736
1779682751455120183,0.022319179207088525,0.0,0.0,0.0,0.0,0.058212087499810994
1779682751555314799,0.0,0.0,0.0,0.0,0.0,0.10922244844591944
1779682751655256455,0.0,0.0,0.0,0.0,0.0,0.10857009679045415
1779682751755764475,0.0,0.0,0.0,0.0,0.0,0.10265558046753676
1779682751855040130,0.022771410334080082,0.0,0.0,0.0,0.0,0.08609525347176372
1779682751955026675,0.022763802253651124,0.0,0.0,0.0,0.0,0.07370553657276913
1779682752054978354,0.02271828389004878,0.0,0.0,0.0,0.0,0.06028150118019904
1779682752155509453,0.022278150216787022,0.0,0.0,0.0,0.0,0.04125702667568609
1779682752255029912,0.02194414311242807,0.0,0.0,0.0,0.0,0.031683273260461386
1779682752355133715,0.021625309296179274,0.0,0.0,0.0,0.0,0.024673317417235996
1779682752455238548,0.02132921189019225,0.0,0.0,0.0,0.0,0.019472152890472882
1779682752554999312,0.021033086674296143,0.0,0.0,0.0,0.0,0.015512301383755589
1779682752655752545,0.02076352956999585,0.0,0.0,0.0,0.0,0.012667781970974956
1779682752754954766,0.02048257336984833,0.0,0.0,0.0,0.0,0.009823945742263307
1779682752854924384,0.02010671874952428,0.0,0.0,0.0,0.0,0.007734044043962385
1779682752954897292,0.019859956878233973,0.0,0.0,0.0,0.0,0.006620355001526579
1779682753055125043,0.01942714391817436,0.0,0.0,0.0,0.0,0.004234530315425533
1779682753154984013,0.019176575860158543,0.0,0.0,0.0,0.0,0.00353895999030418
1779682753254803049,0.01892221975568809,0.0,0.0,0.0,0.0,0.002666445559484254
1779682753355382124,0.01867925227948896,0.0,0.0,0.0,0.0,0.002243060719159473
1779682753455903859,0.018432490930591176,0.0,0.0,0.0,0.0,0.00245997153627342
1779682753554904634,0.01809082708966005,0.0,0.0,0.0,0.0,0.002280700406409819
1779682753665125929,0.0,0.0,0.0,0.0,0.0,0.0
1779682753755514415,0.0,0.0,0.0,0.0,0.0,-0.1772828290721199
1779682753854815276,0.0,0.0,0.0,0.0,0.0,-0.17882061819675887
1779682753954854524,0.0,0.0,0.0,0.0,0.0,-0.1701229190978425
1779682754055053718,0.0,0.0,0.0,0.0,0.0,-0.1469142210055333
1779682754155087514,0.0,0.0,0.0,0.0,0.0,-0.12408639741921756
1779682754255375958,0.0,0.0,0.0,0.0,0.0,-0.10250699420744558
1779682754355453559,0.024417818126967014,0.0,0.0,0.0,0.0,-0.08417066769791615
1779682754455467841,0.02441778869128987,0.0,0.0,0.0,0.0,-0.06487173650638434
1779682754555313978,0.024368462087259058,0.0,0.0,0.0,0.0,-0.05215204640732285
1779682754655446881,0.023913041375164503,0.0,0.0,0.0,0.0,-0.03637775516492703
1779682754755482412,0.023544852197600736,0.0,0.0,0.0,0.0,-0.02861213403495999
1779682754855071804,0.02324878410095327,0.0,0.0,0.0,0.0,-0.02268725584990461
1779682754955265404,0.022922302878084,0.0,0.0,0.0,0.0,-0.018335967910902973
1779682755055419387,0.022622383344649843,0.0,0.0,0.0,0.0,-0.015205119799518663
1779682755155491022,0.022326247276600274,0.0,0.0,0.0,0.0,-0.013387359349135486
1779682755255084083,0.021920044204849255,0.0,0.0,0.0,0.0,-0.010563770348635204
1779682755355302636,0.02161632071382436,0.0,0.0,0.0,0.0,-0.009078508475627523
1779682755455211006,0.021305014241285485,0.0,0.0,0.0,0.0,-0.00780134895652862
1779682755555308944,0.021031657192085527,0.0,0.0,0.0,0.0,-0.005749520764005478
1779682755655419215,0.02059502878826795,0.0,0.0,0.0,0.0,-0.003823714449846083
1779682755755317993,0.02032544718401755,0.0,0.0,0.0,0.0,-0.0034663982973236473
1779682755855397510,0.020010325516228666,0.0,0.0,0.0,0.0,-0.003070319449002046
1779682755955088254,0.019801523161877613,0.0,0.0,0.0,0.0,-0.00323198246674794
1779682756055470541,0.019410450515681046,0.0,0.0,0.0,0.0,-0.003367764250391647
1779682756155392446,0.019140883528421773,0.0,0.0,0.0,0.0,-0.0023396080720698986
1779682756254854984,0.018894094457867425,0.0,0.0,0.0,0.0,-0.001936859389050083
1779682756355145170,0.018651126807156488,0.0,0.0,0.0,0.0,-0.0008564124212778745
1779682756454952742,0.018309448933746197,0.0,0.0,0.0,0.0,-0.001099412554406376
1779682756554908613,0.018066438611938358,0.0,0.0,0.0,0.0,-0.0011624313046698642
1779682756663521007,0.0,0.0,0.0,0.0,0.0,0.0
1779682756755009666,0.0,0.0,0.0,0.0,0.0,-0.12769126518146345
1779682756855527611,0.0,0.0,0.0,0.0,0.0,-0.12826246761137916
1779682756955688370,0.0,0.0,0.0,0.0,0.0,-0.12230006102573865
1779682757055388092,0.0,0.0,0.0,0.0,0.0,-0.10640773599433573
1779682757155643828,0.024654523698202563,0.0,0.0,0.0,0.0,-0.08986730784538999
1779682757255091018,0.024658317475046432,0.0,0.0,0.0,0.0,-0.06867194625971862
1779682757355084990,0.024461067458253806,0.0,0.0,0.0,0.0,-0.06192837242059279
1779682757454970607,0.02414620204670941,0.0,0.0,0.0,0.0,-0.05882852357248447
1779682757556025028,0.02361119937741844,0.0,0.0,0.0,0.0,-0.04469359829059116
1779682757655002512,0.023277220979864986,0.0,0.0,0.0,0.0,-0.0377318701058279
1779682757755217668,0.022981153586755815,0.0,0.0,0.0,0.0,-0.031466192382305525
1779682757855467038,0.022707854280963675,0.0,0.0,0.0,0.0,-0.02632713756279137
1779682757955744971,0.022286516990286286,0.0,0.0,0.0,0.0,-0.01953002939244619
1779682758054903026,0.021986624536700354,0.0,0.0,0.0,0.0,-0.01610670811233683
1779682758154847264,0.021690492650726246,0.0,0.0,0.0,0.0,-0.013095241071283792
1779682758254932877,0.021231105237522925,0.0,0.0,0.0,0.0,-0.01027551198004073
1779682758355167989,0.020938775752992436,0.0,0.0,0.0,0.0,-0.008119776458472283
1779682758455208297,0.020669233265577357,0.0,0.0,0.0,0.0,-0.006786746298949264
1779682758555637073,0.0203920878087613,0.0,0.0,0.0,0.0,-0.005301991791753946
1779682758654847911,0.02013772385518051,0.0,0.0,0.0,0.0,-0.0037174001943706125
1779682758754886183,0.019868145326222473,0.0,0.0,0.0,0.0,-0.002192923706502259
1779682758854864549,0.019515045383323996,0.0,0.0,0.0,0.0,-0.002109850121993162
1779682758954955516,0.019260672784959,0.0,0.0,0.0,0.0,-0.0018891937986357243
1779682759054928483,0.0188506301703044,0.0,0.0,0.0,0.0,-0.0008395330986136207
1779682759155833728,0.01859627277830143,0.0,0.0,0.0,0.0,-0.00014778089391609406
1779682759255082741,0.018353275561782716,0.0,0.0,0.0,0.0,-0.00032102895886720884
1779682759355285114,0.018117862019152765,0.0,0.0,0.0,0.0,-0.0005099821012978234
1779682759464278103,0.0,0.0,0.0,0.0,0.0,0.0
1779682759555213956,0.024962322603934023,0.0,0.0,0.0,0.0,-0.08702559166064272
1779682759654712900,0.024757645928166264,0.0,0.0,0.0,0.0,-0.08786460738478974
1779682759755210656,0.02451505639103165,0.0,0.0,0.0,0.0,-0.08484458572328801
1779682759856049330,0.02420039139046964,0.0,0.0,0.0,0.0,-0.07585693640312319
1779682759955439080,0.02385528838979566,0.0,0.0,0.0,0.0,-0.06533440617422281
1779682760055129141,0.023551797704757314,0.0,0.0,0.0,0.0,-0.05590455027987107
1779682760155375955,0.023263413039199266,0.0,0.0,0.0,0.0,-0.04784453983765047
1779682760255500772,0.02283834526912303,0.0,0.0,0.0,0.0,-0.036829033095903685
1779682760354982064,0.02252330304293449,0.0,0.0,0.0,0.0,-0.03026735607722708
1779682760457340718,0.02223479857537271,0.0,0.0,0.0,0.0,-0.025069880000148315
1779682760555363129,0.021745086209457372,0.0,0.0,0.0,0.0,-0.017989147220400015
1779682760655069424,0.021452739206532265,0.0,0.0,0.0,0.0,-0.01395137881045394
1779682760755059316,0.02116418740378425,0.0,0.0,0.0,0.0,-0.011799428696562475
1779682760855262471,0.020871877556193588,0.0,0.0,0.0,0.0,-0.009541398083765307
1779682760955307033,0.020609924397939475,0.0,0.0,0.0,0.0,-0.008389398056570907
1779682761054934802,0.020245476956134704,0.0,0.0,0.0,0.0,-0.006815845868266113
1779682761155510922,0.019972109430048752,0.0,0.0,0.0,0.0,-0.005676196864786154
1779682761254858681,0.019543105103963083,0.0,0.0,0.0,0.0,-0.004759933313731368
1779682761354768102,0.019316779783695226,0.0,0.0,0.0,0.0,0.014133964633468832
1779682761455235379,0.0,0.0,0.0,0.0,0.0,0.14252349129821928
1779682761555028482,0.0,0.0,0.0,0.0,0.0,0.26764320694822274
1779682761655469460,0.0,0.0,0.0,0.0,0.0,0.28263152614358855
1779682761755138654,0.0,0.0,0.0,0.0,0.0,0.26462767796043307
1779682761855449520,0.0,0.0,0.0,0.0,0.0,0.22123281683479257
1779682761955360006,0.0,0.0,0.0,0.0,0.0,0.18599304252281013
1779682762054944628,0.0,0.0,0.0,0.0,0.0,0.1486929419178552
1779682762155388964,0.0,0.0,0.0,0.0,0.0,0.11766571085364741
1779682762254858570,0.02026745775311087,0.0,0.0,0.0,0.0,0.07761650513363261
1779682762354916603,0.02025988663010558,0.0,0.0,0.0,0.0,0.06050387649744504
1779682762455051279,0.020066379258940406,0.0,0.0,0.0,0.0,0.04620427048214548
1779682762555378444,0.01980831141357666,0.0,0.0,0.0,0.0,0.03707645536539195
1779682762655137101,0.019531237155786373,0.0,0.0,0.0,0.0,0.030047038470326526
1779682762754781448,0.019276912373022342,0.0,0.0,0.0,0.0,0.025024740424557934
1779682762855352871,0.019018757395950298,0.0,0.0,0.0,0.0,0.020786704068841977
1779682762955374660,0.01877577330056807,0.0,0.0,0.0,0.0,0.01716537217437686
1779682763055003847,0.018430298362891766,0.0,0.0,0.0,0.0,0.013349762872841286
1779682763155161410,0.018191131534777447,0.0,0.0,0.0,0.0,0.011316919193056663
1779682763263457211,0.0,0.0,0.0,0.0,0.0,0.0
1779682763355347268,0.0,0.0,0.0,0.0,0.0,-0.12046057332789861
1779682763455086451,0.0,0.0,0.0,0.0,0.0,-0.12193207483824997
1779682763555161865,0.0,0.0,0.0,0.0,0.0,-0.11811180549151168
1779682763654984536,0.0,0.0,0.0,0.0,0.0,-0.10266671316889053
1779682763755158556,0.02477405951633471,0.0,0.0,0.0,0.0,-0.08772258335700411
1779682763855394953,0.02477785437586836,0.0,0.0,0.0,0.0,-0.06825056225006931
1779682763955450480,0.02458434262605637,0.0,0.0,0.0,0.0,-0.05115200855134794
1779682764054941893,0.024254234598442857,0.0,0.0,0.0,0.0,-0.043382248194522965
1779682764155152458,0.023920270069916302,0.0,0.0,0.0,0.0,-0.036826981392576785
1779682764254939241,0.02360144105986268,0.0,0.0,0.0,0.0,-0.030464742743085305
1779682764355359229,0.023290182490406576,0.0,0.0,0.0,0.0,-0.026116898986625836
1779682764455563262,0.022994076099960407,0.0,0.0,0.0,0.0,-0.022836603297058833
1779682764555068179,0.022553711937133635,0.0,0.0,0.0,0.0,-0.018943762617330218
1779682764655225216,0.022261395929470858,0.0,0.0,0.0,0.0,-0.015614608110060213
1779682764754792134,0.021794449795334535,0.0,0.0,0.0,0.0,-0.011415891763384978
1779682764855465298,0.021486917866759905,0.0,0.0,0.0,0.0,-0.00946782100291299
1779682764955019177,0.021198357659700382,0.0,0.0,0.0,0.0,-0.008098491995332968
1779682765055370111,0.02091361955050371,0.0,0.0,0.0,0.0,-0.007502806069256129
1779682765156005968,0.020651667463406114,0.0,0.0,0.0,0.0,-0.006476213758185079
1779682765256351407,0.020253055484865053,0.0,0.0,0.0,0.0,-0.0049876272801434585
1779682765355150405,0.01997968028214639,0.0,0.0,0.0,0.0,-0.004006145689261387
1779682765455057333,0.019554497589276937,0.0,0.0,0.0,0.0,-0.002456591131010044
1779682765555335161,0.019296312427982184,0.0,0.0,0.0,0.0,-0.002598288809542715
1779682765655041172,0.01903432932479477,0.0,0.0,0.0,0.0,-0.0026188995168728857
1779682765755085519,0.018757182056659105,0.0,0.0,0.0,0.0,-0.0024366070357737524
1779682765855471971,0.018510387091905625,0.0,0.0,0.0,0.0,-0.001961204701528385
1779682765955210421,0.018263588450262457,0.0,0.0,0.0,0.0,-0.0024493573466288776
1779682766056584800,0.01800541806407135,0.0,0.0,0.0,0.0,-0.0017315842216645283
1779682766164562166,0.0,0.0,0.0,0.0,0.0,0.0
1779682766255437244,0.0248392103882432,0.0,0.0,0.0,0.0,-0.0890771049118535
1779682766355471354,0.024608007026826025,0.0,0.0,0.0,0.0,-0.08994590098917532
1779682766455947967,0.0243730178613723,0.0,0.0,0.0,0.0,-0.08817118316097328
1779682766555051648,0.024054605784939388,0.0,0.0,0.0,0.0,-0.08022956696242856
1779682766654935663,0.023724725044970536,0.0,0.0,0.0,0.0,-0.06924566190214843
1779682766755631067,0.02343268409090875,0.0,0.0,0.0,0.0,-0.0600210645818422
1779682766855245075,0.02301530095311038,0.0,0.0,0.0,0.0,-0.04891238547239096
1779682766955393751,0.022715492533831858,0.0,0.0,0.0,0.0,-0.04126408125385239
1779682767054767447,0.02224106483321973,0.0,0.0,0.0,0.0,-0.03164294708909654
1779682767155574294,0.0219487783839398,0.0,0.0,0.0,0.0,-0.026801600969773465
1779682767255412104,0.02166026551496845,0.0,0.0,0.0,0.0,-0.02312671417052814
1779682767355410986,0.021379356333525088,0.0,0.0,0.0,0.0,-0.01985865964514244
1779682767455771666,0.021109829888624157,0.0,0.0,0.0,0.0,-0.01748969223572261
1779682767554866810,0.020707420207520127,0.0,0.0,0.0,0.0,-0.014911846173744636
1779682767654903593,0.020445456356937893,0.0,0.0,0.0,0.0,-0.01342978644182058
1779682767755826915,0.02018729709179483,0.0,0.0,0.0,0.0,-0.011694617604436797
1779682767855169663,0.0197468902278263,0.0,0.0,0.0,0.0,-0.008835787558861052
1779682767954850296,0.019496289397019893,0.0,0.0,0.0,0.0,-0.007082117976240143
1779682768056267767,0.019253324446608166,0.0,0.0,0.0,0.0,-0.0061731753618469165
1779682768155257127,0.01897615890039767,0.0,0.0,0.0,0.0,-0.005524333708525231
1779682768254873137,0.01864584719834141,0.0,0.0,0.0,0.0,-0.0054715115000529835
1779682768355166231,0.01838765696545186,0.0,0.0,0.0,0.0,-0.005632567388146326
1779682768455309562,0.018163658517524026,0.0,0.0,0.0,0.0,-0.005152212673912193
1779682768568095578,0.0,0.0,0.0,0.0,0.0,0.0
1779682768655127171,0.025003836492216495,0.0,0.0,0.0,0.0,-0.06224392722637684
1779682768754976887,0.024924186796451423,0.0,0.0,0.0,0.0,-0.06233518539830574
1779682768855557500,0.024715562353958317,0.0,0.0,0.0,0.0,-0.06227005108584649
1779682768955281387,0.024393120732098796,0.0,0.0,0.0,0.0,-0.05753327959749677
1779682769055056400,0.023949215507865086,0.0,0.0,0.0,0.0,-0.049544638505513494
1779682769156280107,0.02361525210748033,0.0,0.0,0.0,0.0,-0.042078790684542455
1779682769254818699,0.023106671309343785,0.0,0.0,0.0,0.0,-0.030953779966626294
1779682769354840081,0.02280681536032992,0.0,0.0,0.0,0.0,-0.024644876711603425
1779682769455165010,0.02250693434840857,0.0,0.0,0.0,0.0,-0.020443295716798482
1779682769555286293,0.022203259466389284,0.0,0.0,0.0,0.0,-0.017093916908656137
1779682769654865467,0.02189951602307468,0.0,0.0,0.0,0.0,-0.0141956773607409
1779682769754854994,0.021595799483981538,0.0,0.0,0.0,0.0,-0.011321082566643548
1779682769855013806,0.02121229880036749,0.0,0.0,0.0,0.0,-0.008682096199464917
1779682769954765939,0.020931367264367846,0.0,0.0,0.0,0.0,-0.00707096764869386
1779682770054916901,0.02049097238749892,0.0,0.0,0.0,0.0,-0.003815342077859385
1779682770154926636,0.020213815201795184,0.0,0.0,0.0,0.0,-0.002738861727566988
1779682770254979042,0.019898687609939656,0.0,0.0,0.0,0.0,-0.00187605462404139
1779682770355342284,0.0195797829619931,0.0,0.0,0.0,0.0,-0.0021708877849667685
1779682770455246848,0.01932924972285083,0.0,0.0,0.0,0.0,-0.002180564910570282
1779682770555312021,0.019078642948442227,0.0,0.0,0.0,0.0,-0.0019776941451072894
1779682770654991122,0.018820447382816182,0.0,0.0,0.0,0.0,-0.002586626907358447
1779682770755086749,0.018566077440275934,0.0,0.0,0.0,0.0,-0.0017697534625401579
1779682770854879111,0.018231996564776372,0.0,0.0,0.0,0.0,-0.0009629171609634168
1779682770965675713,0.0,0.0,0.0,0.0,0.0,0.0
1779682771054774734,0.025077686206416684,0.0,0.0,0.0,0.0,-0.04052198907988347
1779682771155409901,0.025009399120869615,0.0,0.0,0.0,0.0,-0.04030023459788101
1779682771254999534,0.02478174101830614,0.0,0.0,0.0,0.0,-0.04068204328194103
1779682771355158020,0.024398403118317487,0.0,0.0,0.0,0.0,-0.03742381814031759
1779682771454922881,0.024045436371530025,0.0,0.0,0.0,0.0,-0.03232210142996861
1779682771554867495,0.023741763537813782,0.0,0.0,0.0,0.0,-0.026415577093958476
1779682771654925558,0.023449452266291096,0.0,0.0,0.0,0.0,-0.02366369869374574
1779682771754832754,0.023020413902962632,0.0,0.0,0.0,0.0,-0.01902735360874863
1779682771855012717,0.022701525276348857,0.0,0.0,0.0,0.0,-0.01657940837157046
1779682771955099670,0.022211772257649764,0.0,0.0,0.0,0.0,-0.012745313396878344
1779682772055245120,0.02190050851667842,0.0,0.0,0.0,0.0,-0.011132288669704393
1779682772154865464,0.021638529533938286,0.0,0.0,0.0,0.0,-0.009090256385353879
1779682772255448730,0.021349965994973363,0.0,0.0,0.0,0.0,-0.007532214042104024
1779682772354847023,0.021095597886396096,0.0,0.0,0.0,0.0,-0.006674231444395273
1779682772454856857,0.02068174263984774,0.0,0.0,0.0,0.0,-0.005427766366983722
1779682772554802395,0.02039701704686465,0.0,0.0,0.0,0.0,-0.004826860046964088
1779682772654883839,0.020131247962844167,0.0,0.0,0.0,0.0,-0.0047172897171451345
1779682772755028254,0.01968322831709248,0.0,0.0,0.0,0.0,-0.004798499405530787
1779682772856513363,0.01944024092422978,0.0,0.0,0.0,0.0,-0.0047304517182701344
1779682772955178120,0.019178297928084297,0.0,0.0,0.0,0.0,-0.0035800737199679356
1779682773055988049,0.019006040195698043,0.0,0.0,0.0,0.0,0.038974979927588804
1779682773154987943,0.0,0.0,0.0,0.0,0.0,0.29632978871698945
1779682773254805171,0.0,0.0,0.0,0.0,0.0,0.35
1779682773355090096,0.0,0.0,0.0,0.0,0.0,0.35
1779682773454887239,0.0,0.0,0.0,0.0,0.0,0.35
1779682773556080672,0.0,0.0,0.0,0.0,0.0,0.35
1779682773655356499,0.0,0.0,0.0,0.0,0.0,0.3076143199309951
1779682773756063678,0.0,0.0,0.0,0.0,0.0,0.2679338808906888
1779682773855449936,0.0,0.0,0.0,0.0,0.0,0.22204752969225983
1779682773955135342,0.0,0.0,0.0,0.0,0.0,0.17054755962185064
1779682774055308213,0.0,0.0,0.0,0.0,0.0,0.14035567794932058
1779682774155148111,0.0,0.0,0.0,0.0,0.0,0.09573570264218845
1779682774255188340,0.020915918102910675,0.0,0.0,0.0,0.0,0.07727810380549693
1779682774355280410,0.020919713570690345,0.0,0.0,0.0,0.0,0.06217559884882251
1779682774455590316,0.021185117438174174,0.0,0.0,0.0,0.0,0.0893340734710335
1779682774555320418,0.0,0.0,0.0,0.0,0.0,0.1778605713489939
1779682774655816230,0.0,0.0,0.0,0.0,0.0,0.25006424900775515
1779682774755510696,0.0,0.0,0.0,0.0,0.0,0.2312009447464316
1779682774855512884,0.0,0.0,0.0,0.0,0.0,0.20624213576745276
1779682774955135392,0.0,0.0,0.0,0.0,0.0,0.15775980059332584
1779682775054830023,0.0,0.0,0.0,0.0,0.0,0.13085474485929371
1779682775155107815,0.0,0.0,0.0,0.0,0.0,0.1089371554851366
1779682775255269762,0.0,0.0,0.0,0.0,0.0,0.09009332034407469
1779682775355347574,0.023108939979516994,0.0,0.0,0.0,0.0,0.06941711204618572
1779682775455569060,0.02312033858601331,0.0,0.0,0.0,0.0,0.05787127188476027
1779682775554954638,0.02294580690608766,0.0,0.0,0.0,0.0,0.04704563222849234
1779682775655441549,0.022463736446517415,0.0,0.0,0.0,0.0,0.03190669439520499
1779682775754973481,0.0221486361798025,0.0,0.0,0.0,0.0,0.024829564536640425
1779682775854707898,0.02185256869712164,0.0,0.0,0.0,0.0,0.01901163278166018
1779682775955277700,0.021575454234196115,0.0,0.0,0.0,0.0,0.01524976599664829
1779682776055477040,0.02127931828380663,0.0,0.0,0.0,0.0,0.011756265304035951
1779682776155401948,0.0,0.0,0.0,0.0,0.0,0.16306879015014553
1779682776255314790,0.0,0.0,0.0,0.0,0.0,0.26431602851379077
1779682776355330073,0.0,0.0,0.0,0.0,0.0,0.26490240845716284
1779682776455488734,0.0,0.0,0.0,0.0,0.0,0.2342233287336427
1779682776555213514,0.0,0.0,0.0,0.0,0.0,0.20253350247773105
1779682776655111652,0.0,0.0,0.0,0.0,0.0,0.17468191498467145
1779682776755427591,0.0,0.0,0.0,0.0,0.0,0.1465679127062891
1779682776855615023,0.0,0.0,0.0,0.0,0.0,0.12103598812277849
1779682776954877927,0.0,0.0,0.0,0.0,0.0,0.09393690461027804
1779682777055326466,0.021767877975866167,0.0,0.0,0.0,0.0,0.07629652511852836
1779682777155400083,0.021756511606309887,0.0,0.0,0.0,0.0,0.054037716958051485
1779682777255246136,0.021581948221132397,0.0,0.0,0.0,0.0,0.04290732143205256
1779682777355005639,0.021323814012136514,0.0,0.0,0.0,0.0,0.03476654488827591
1779682777455333623,0.02105049891823359,0.0,0.0,0.0,0.0,0.028935259921895717
1779682777555123501,0.020777162797157786,0.0,0.0,0.0,0.0,0.02421192580085818
1779682777655318737,0.02041653127654607,0.0,0.0,0.0,0.0,0.017659476458654844
1779682777755130346,0.02012800140824007,0.0,0.0,0.0,0.0,0.014554143660817864
1779682777861333921,0.019706652166174423,0.0,0.0,0.0,0.0,0.011575668674949968
1779682777954941647,0.019452307026555666,0.0,0.0,0.0,0.0,0.010016470986676795
1779682778055019444,0.019178948812815205,0.0,0.0,0.0,0.0,0.007815201079457657
1779682778154954826,0.018920784483898025,0.0,0.0,0.0,0.0,0.005358042351719661
1779682778255160997,0.0186777747866948,0.0,0.0,0.0,0.0,0.003917951192188962
1779682778354838503,0.018336098859056422,0.0,0.0,0.0,0.0,0.002055888820334806
1779682778455005201,0.01809691376482756,0.0,0.0,0.0,0.0,0.0017279094997710853
1779682778565094161,0.0,0.0,0.0,0.0,0.0,0.0
1779682778655265224,0.0,0.0,0.0,0.0,0.0,-0.24304092034522884
1779682778754951457,0.0,0.0,0.0,0.0,0.0,-0.24375033931001788
1779682778855963350,0.0,0.0,0.0,0.0,0.0,-0.23443996804703515
1779682778955222468,0.0,0.0,0.0,0.0,0.0,-0.20661278804851502
1779682779057910312,0.0,0.0,0.0,0.0,0.0,-0.16533472083340683
1779682779154995165,0.0,0.0,0.0,0.0,0.0,-0.1396071396875158
1779682779255308052,0.0,0.0,0.0,0.0,0.0,-0.11644482627573916
1779682779355098679,0.024088372658028514,0.0,0.0,0.0,0.0,-0.0835686078990191
1779682779455381297,0.024084591717079672,0.0,0.0,0.0,0.0,-0.06882708722775688
1779682779554983250,0.023883591148412004,0.0,0.0,0.0,0.0,-0.057608219472704114
1779682779655459475,0.023591447715778553,0.0,0.0,0.0,0.0,-0.047032274430821364
1779682779755198987,0.02329166901762023,0.0,0.0,0.0,0.0,-0.04017674567710394
1779682779855208378,0.02283997899471699,0.0,0.0,0.0,0.0,-0.031015473277394956
1779682779955540888,0.02254390267861031,0.0,0.0,0.0,0.0,-0.026267102452808055
1779682780055620588,0.022243974108547584,0.0,0.0,0.0,0.0,-0.0226480768564421
1779682780155639496,0.021750402463403446,0.0,0.0,0.0,0.0,-0.016806802421764022
1779682780255325098,0.02144293040830383,0.0,0.0,0.0,0.0,-0.014038524641999617
1779682780354973455,0.02116574215606537,0.0,0.0,0.0,0.0,-0.011594340703232509
1779682780455073416,0.020903784036044166,0.0,0.0,0.0,0.0,-0.009660537667968816
1779682780555263662,0.02063045917353971,0.0,0.0,0.0,0.0,-0.007896377416494627
1779682780655174966,0.020254574220476107,0.0,0.0,0.0,0.0,-0.0054558378832122445
1779682780755265240,0.01998503676152987,0.0,0.0,0.0,0.0,-0.004107173734808067
1779682780855377507,0.019700287121979947,0.0,0.0,0.0,0.0,-0.0036032616033866427
1779682780955291908,0.01928648016431569,0.0,0.0,0.0,0.0,-0.0030668340607120648
1779682781055357567,0.01902456840968498,0.0,0.0,0.0,0.0,-0.0028933567818517636
1779682781155491582,0.018792990694397296,0.0,0.0,0.0,0.0,-0.0019103146342984711
1779682781255137701,0.018546203144950625,0.0,0.0,0.0,0.0,-0.0008970804238703778
1779682781354897674,0.018204523207477268,0.0,0.0,0.0,0.0,-0.0005949120314351353
1779682781466755868,0.0,0.0,0.0,0.0,0.0,0.0
1779682781555216688,0.0,0.0,0.0,0.0,0.0,-0.17215447512729576
1779682781655151579,0.0,0.0,0.0,0.0,0.0,-0.1731687502401571
1779682781754894019,0.0,0.0,0.0,0.0,0.0,-0.16781958553608844
1779682781855318683,0.0,0.0,0.0,0.0,0.0,-0.14457143464661337
1779682781955373664,0.0,0.0,0.0,0.0,0.0,-0.12378126232437525
1779682782054958615,0.0,0.0,0.0,0.0,0.0,-0.09588028104762414
1779682782155466649,0.024577009523775204,0.0,0.0,0.0,0.0,-0.0842503526959888
1779682782254955607,0.024561829084937894,0.0,0.0,0.0,0.0,-0.06566271534468893
1779682782355485066,0.02438730161441809,0.0,0.0,0.0,0.0,-0.04939818855668887
1779682782455076563,0.02406477392717562,0.0,0.0,0.0,0.0,-0.03914003587487069
1779682782555362246,0.023757316094753574,0.0,0.0,0.0,0.0,-0.031607797288643935
1779682782655679678,0.0234650583464134,0.0,0.0,0.0,0.0,-0.025884740608116075
1779682782755190306,0.023036005165377564,0.0,0.0,0.0,0.0,-0.020900720101298953
1779682782855121954,0.022724680490486857,0.0,0.0,0.0,0.0,-0.017344748133636623
1779682782955474230,0.022428537418128735,0.0,0.0,0.0,0.0,-0.014626465286305845
1779682783055007418,0.021938801651882864,0.0,0.0,0.0,0.0,-0.011258050936757358
1779682783155449506,0.021638888268722522,0.0,0.0,0.0,0.0,-0.009043200868567802
1779682783255290226,0.02129720134539239,0.0,0.0,0.0,0.0,-0.007202531840955428
1779682783355084142,0.02104280029253495,0.0,0.0,0.0,0.0,-0.006659848571935911
1779682783455368831,0.020716289625329176,0.0,0.0,0.0,0.0,-0.005282827711014293
1779682783555069847,0.02042777025646882,0.0,0.0,0.0,0.0,-0.0045376987632615995
1779682783654885063,0.02014683651301685,0.0,0.0,0.0,0.0,-0.004085521550211468
1779682783754999124,0.01988865341708291,0.0,0.0,0.0,0.0,-0.003807092860600436
1779682783854749765,0.019527956407276153,0.0,0.0,0.0,0.0,-0.0037486973728207973
1779682783954981235,0.01928494033805851,0.0,0.0,0.0,0.0,-0.003788589142725174
1779682784055167154,0.01902296713290794,0.0,0.0,0.0,0.0,-0.003493306378962502
1779682784154963128,0.018597745831605877,0.0,0.0,0.0,0.0,-0.002885063751045691
1779682784254973807,0.01834335807507585,0.0,0.0,0.0,0.0,-0.0028503320203105975
1779682784354899467,0.018104136408436576,0.0,0.0,0.0,0.0,-0.003086826302893475
1779682784464358951,0.0,0.0,0.0,0.0,0.0,0.0
1779682784554742831,0.0,0.0,0.0,0.0,0.0,-0.12266295214005396
1779682784654856152,0.0,0.0,0.0,0.0,0.0,-0.12331826691555459
1779682784754756406,0.0,0.0,0.0,0.0,0.0,-0.1198427194278956
1779682784855206994,0.0,0.0,0.0,0.0,0.0,-0.0970549892113004
1779682784954924838,0.024756294225946437,0.0,0.0,0.0,0.0,-0.08151415348959568
1779682785054843808,0.024760081362613193,0.0,0.0,0.0,0.0,-0.06768678694911945
1779682785154968633,0.024558994598036486,0.0,0.0,0.0,0.0,-0.05640378116342548
1779682785255928423,0.024240244948260967,0.0,0.0,0.0,0.0,-0.045436002896132366
1779682785354963113,0.023792477387061795,0.0,0.0,0.0,0.0,-0.035301245392066916
1779682785455411348,0.023466008645188365,0.0,0.0,0.0,0.0,-0.02863404961495375
1779682785555260054,0.02314337715125891,0.0,0.0,0.0,0.0,-0.022237795842774744
1779682785654942130,0.022653688540219392,0.0,0.0,0.0,0.0,-0.014926934207399767
1779682785755858480,0.022338549454498653,0.0,0.0,0.0,0.0,-0.012064697985962325
1779682785855176360,0.02203483338846497,0.0,0.0,0.0,0.0,-0.009153757452881162
1779682785954994099,0.02174627320720368,0.0,0.0,0.0,0.0,-0.006973361582985671
1779682786055466973,0.021434969134806643,0.0,0.0,0.0,0.0,-0.005087640387347103
1779682786155056235,0.02114643495421265,0.0,0.0,0.0,0.0,-0.0043292311578487785
1779682786259409471,0.02078578076126278,0.0,0.0,0.0,0.0,-0.0026048170147631167
1779682786358522947,0.02048588218300897,0.0,0.0,0.0,0.0,-0.0012116652437678122
1779682786457252527,0.02002654883002563,0.0,0.0,0.0,0.0,-0.00023547692671233023
1779682786554789884,0.01976081442639013,0.0,0.0,0.0,0.0,0.001135200088007604
1779682786654854516,0.01949126669750029,0.0,0.0,0.0,0.0,0.002169846118488694
1779682786755464759,0.0192293154213192,0.0,0.0,0.0,0.0,0.0015018893369087571
1779682786854847963,0.01897876444672829,0.0,0.0,0.0,0.0,0.0020050425498947533
1779682786954847714,0.018640881598257626,0.0,0.0,0.0,0.0,0.0032460984603303045
1779682787055383950,0.01840171614709646,0.0,0.0,0.0,0.0,0.0030643803479983855
1779682787163276304,0.0,0.0,0.0,0.0,0.0,0.0
1779682787255561229,0.025158637022608437,0.0,0.0,0.0,0.0,-0.07888299332801663
1779682787354985718,0.02508281954170039,0.0,0.0,0.0,0.0,-0.07894150633805885
1779682787454854079,0.024847736782964418,0.0,0.0,0.0,0.0,-0.07417160414110158
1779682787554937373,0.02451780120853768,0.0,0.0,0.0,0.0,-0.0665912787927393
1779682787655559374,0.024096804899581378,0.0,0.0,0.0,0.0,-0.055348727673489084
1779682787755273845,0.02378567214805093,0.0,0.0,0.0,0.0,-0.04649733547315105
1779682787855172408,0.023451682504861994,0.0,0.0,0.0,0.0,-0.03766018358449885
1779682787955777763,0.022969661863175235,0.0,0.0,0.0,0.0,-0.026248777870024553
1779682788054982179,0.022654570480487603,0.0,0.0,0.0,0.0,-0.021390519825546517
1779682788155263579,0.022350859993054358,0.0,0.0,0.0,0.0,-0.016570135284066922
1779682788255456616,0.022054751712543324,0.0,0.0,0.0,0.0,-0.014015842238010223
1779682788354869243,0.02228112139838477,0.0,0.0,0.0,0.0,0.03655081012851158
1779682788454888631,0.0,0.0,0.0,0.0,0.0,0.10537157958715693
1779682788555156571,0.0,0.0,0.0,0.0,0.0,0.151781528719644
1779682788654805836,0.0,0.0,0.0,0.0,0.0,0.14546953069801616
1779682788755314132,0.0,0.0,0.0,0.0,0.0,0.14012817072088823
1779682788855280985,0.0,0.0,0.0,0.0,0.0,0.10849293033799856
1779682788954959404,0.0,0.0,0.0,0.0,0.0,0.09135564431446408
1779682789055041436,0.02282066921494341,0.0,0.0,0.0,0.0,0.07612723978769409
1779682789155026323,0.02283205317573717,0.0,0.0,0.0,0.0,0.06563731230489322
1779682789254698791,0.022642411959062872,0.0,0.0,0.0,0.0,0.062488106554970946
1779682789354887503,0.022354129856177452,0.0,0.0,0.0,0.0,0.06233132719444201
1779682789454965222,0.022069579259126587,0.0,0.0,0.0,0.0,0.062139805126472436
1779682789555140912,0.0216750209432436,0.0,0.0,0.0,0.0,0.06133585405292952
1779682789655088657,0.021379112828645585,0.0,0.0,0.0,0.0,0.06179160023831198
1779682789755175309,0.020920098751135912,0.0,0.0,0.0,0.0,0.05881650859366294
1779682789855552816,0.020635602273674742,0.0,0.0,0.0,0.0,0.05838348770581525
1779682789955389109,0.020347320632748325,0.0,0.0,0.0,0.0,0.05908638462253435
1779682790054896037,0.020085597081638134,0.0,0.0,0.0,0.0,0.059396260597926465
1779682790155688780,0.019816295934858702,0.0,0.0,0.0,0.0,0.05748997114462917
1779682790255862026,0.01956589797038656,0.0,0.0,0.0,0.0,0.05638315984357112
1779682790354986201,0.0191789036108227,0.0,0.0,0.0,0.0,0.05432228312185339
1779682790454991746,0.018932246150797263,0.0,0.0,0.0,0.0,0.05426045697882753
1779682790555128418,0.018533832040425247,0.0,0.0,0.0,0.0,0.04963019723280049
1779682790654938477,0.018283336678484738,0.0,0.0,0.0,0.0,0.0431955171032854
1779682790755163690,0.018059397452560123,0.0,0.0,0.0,0.0,0.03855344468280042
1779682790864371375,0.0,0.0,0.0,0.0,0.0,0.0
1779682790954945051,0.024959350046166957,0.0,0.0,0.0,0.0,-0.06066003328968239
1779682791055043811,0.024800044015094388,0.0,0.0,0.0,0.0,-0.06248106070539883
1779682791155161095,0.024579964245779927,0.0,0.0,0.0,0.0,-0.06078513859904411
1779682791255084550,0.024048814809015117,0.0,0.0,0.0,0.0,-0.049288203941703745
1779682791355257175,0.023711054236552453,0.0,0.0,0.0,0.0,-0.04235420085979702
1779682791454897664,0.023399806064110865,0.0,0.0,0.0,0.0,-0.03623064967496903
1779682791555318366,0.023073415778969066,0.0,0.0,0.0,0.0,-0.029408016331492037
1779682791654916428,0.022705228604049374,0.0,0.0,0.0,0.0,-0.02389776490667561
1779682791754940251,0.02234460184818453,0.0,0.0,0.0,0.0,-0.018765359547794902
1779682791855201559,0.022063657771706813,0.0,0.0,0.0,0.0,-0.01494905582786421
1779682791955117358,0.021775136152314644,0.0,0.0,0.0,0.0,-0.011524467541877637
1779682792055187412,0.02147517061046127,0.0,0.0,0.0,0.0,-0.009429051400586808
1779682792155352030,0.021076491816788456,0.0,0.0,0.0,0.0,-0.006152345776231916
1779682792255010982,0.020780390105650904,0.0,0.0,0.0,0.0,-0.0048108269088922295
1779682792355275446,0.020355162575721973,0.0,0.0,0.0,0.0,-0.0024080987988526203
1779682792455138256,0.020078012031711685,0.0,0.0,0.0,0.0,-0.0012022216374485417
1779682792555171058,0.019789438229238097,0.0,0.0,0.0,0.0,-0.00023813253898608
1779682792654897938,0.01951985696537363,0.0,0.0,0.0,0.0,0.0014359009028300784
1779682792754979216,0.019254062382204753,0.0,0.0,0.0,0.0,0.00196510096855107
1779682792854889921,0.018999667273210747,0.0,0.0,0.0,0.0,0.0024355976543996016
1779682792955578460,0.01864655123086616,0.0,0.0,0.0,0.0,0.0026999994875596123
1779682793055577676,0.018422570584626756,0.0,0.0,0.0,0.0,0.0026629217615135037
1779682793155829669,0.018171975783178,0.0,0.0,0.0,0.0,0.0027178207112193986
1779682793266310275,0.0,0.0,0.0,0.0,0.0,0.0
1779682793354970696,0.024965404913717536,0.0,0.0,0.0,0.0,-0.06320710571514232
1779682793455053594,0.024897093968291314,0.0,0.0,0.0,0.0,-0.06353884504410634
1779682793555461063,0.02465428588289387,0.0,0.0,0.0,0.0,-0.059848639274001525
1779682793655417483,0.024331753111656466,0.0,0.0,0.0,0.0,-0.05320305336690245
1779682793755105524,0.023906793553422824,0.0,0.0,0.0,0.0,-0.04473877902552714
1779682793855178065,0.02338304170696948,0.0,0.0,0.0,0.0,-0.03276804803353506
1779682793955399747,0.023060398000431945,0.0,0.0,0.0,0.0,-0.02619576984610228
1779682794054963681,0.022779519228817643,0.0,0.0,0.0,0.0,-0.02133533477956695
1779682794154952507,0.022502362972872166,0.0,0.0,0.0,0.0,-0.018295375412879733
1779682794255078263,0.022202465214624916,0.0,0.0,0.0,0.0,-0.015449454429552811
1779682794354825614,0.02180384840326576,0.0,0.0,0.0,0.0,-0.01167909797417721
1779682794454862161,0.02150018366155303,0.0,0.0,0.0,0.0,-0.009635943194936325
1779682794555031953,0.02121922553899551,0.0,0.0,0.0,0.0,-0.007839693566835226
1779682794655231133,0.020801569515100125,0.0,0.0,0.0,0.0,-0.005860271592969868
1779682794755410081,0.020513032451896732,0.0,0.0,0.0,0.0,-0.0046891232652952475
1779682794855126824,0.020239662883800368,0.0,0.0,0.0,0.0,-0.002679290740477458
1779682794954957329,0.019951129616507694,0.0,0.0,0.0,0.0,-0.0021033964348537992
1779682795054874189,0.019692986369569825,0.0,0.0,0.0,0.0,-0.0006009540164391147
1779682795155214705,0.019324721803005433,0.0,0.0,0.0,0.0,0.00189309126466497
1779682795255194111,0.01907789697398846,0.0,0.0,0.0,0.0,0.002211892922439951
1779682795354885833,0.018679239520403408,0.0,0.0,0.0,0.0,0.002283049265083714
1779682795455533129,0.018432476871018146,0.0,0.0,0.0,0.0,0.00243926615347545
1779682795555184722,0.018185643249839806,0.0,0.0,0.0,0.0,0.002563072553645962
1779682795663963873,0.0,0.0,0.0,0.0,0.0,0.0
1779682795754864367,0.0251732831198228,0.0,0.0,0.0,0.0,-0.04288577814514016
1779682795855157333,0.02499487335001985,0.0,0.0,0.0,0.0,-0.04367301751351038
1779682795955235953,0.0247672277401943,0.0,0.0,0.0,0.0,-0.04143348285588566
1779682796055614119,0.02446359813645073,0.0,0.0,0.0,0.0,-0.03764530357629492
1779682796155497524,0.02393601977748892,0.0,0.0,0.0,0.0,-0.029946341732484782
1779682796255044612,0.02363616886467604,0.0,0.0,0.0,0.0,-0.025227287042976054
1779682796355155301,0.023313495899682943,0.0,0.0,0.0,0.0,-0.02087507328030469
1779682796455081076,0.023028761450305066,0.0,0.0,0.0,0.0,-0.0175360059087436
1779682796555073535,0.02259597488867295,0.0,0.0,0.0,0.0,-0.014447920537574155
1779682796654718983,0.0222922366951227,0.0,0.0,0.0,0.0,-0.011507319738686905
1779682796754970169,0.021813927484196798,0.0,0.0,0.0,0.0,-0.007401751398719569
1779682796855108590,0.02150635604209769,0.0,0.0,0.0,0.0,-0.005227151666489238
1779682796955157696,0.02123678802300703,0.0,0.0,0.0,0.0,-0.003763246475099735
1779682797054889248,0.02094829518769038,0.0,0.0,0.0,0.0,-0.0027330647459575808
1779682797155360115,0.020663544631961635,0.0,0.0,0.0,0.0,-0.002593177060818408
1779682797255511340,0.020390219064701343,0.0,0.0,0.0,0.0,-0.002312016296629471
1779682797355139431,0.020010522973576333,0.0,0.0,0.0,0.0,-0.0006781884757105505
1779682797454935463,0.01959290789767668,0.0,0.0,0.0,0.0,0.00047999814425558895
1779682797555477867,0.019497981766275634,0.0,0.0,0.0,0.0,0.0007693598129636658
1779682797654912879,0.01909929143882917,0.0,0.0,0.0,0.0,0.0010777380478038667
1779682797755245579,0.018833547307602182,0.0,0.0,0.0,0.0,0.0006999570159579305
1779682797854879882,0.018594306792862184,0.0,0.0,0.0,0.0,0.0013597263075558752
1779682797954822056,0.0183551272273044,0.0,0.0,0.0,0.0,0.001008456343245867
1779682798070571392,0.0,0.0,0.0,0.0,0.0,0.0
1779682798155622765,0.025246839799539567,0.0,0.0,0.0,0.0,-0.02762084662788289
1779682798254808347,0.02504192312637923,0.0,0.0,0.0,0.0,-0.02799198645907408
1779682798354925235,0.024818001128258427,0.0,0.0,0.0,0.0,-0.02512076661706719
1779682798455269918,0.024502923629141072,0.0,0.0,0.0,0.0,-0.021890909203730824
1779682798555981181,0.02416503503579731,0.0,0.0,0.0,0.0,-0.01902269758807229
1779682798655258949,0.02384616346312406,0.0,0.0,0.0,0.0,-0.016286805067761367
1779682798755534821,0.023334363493607797,0.0,0.0,0.0,0.0,0.02028668725295768
1779682798854792538,0.0,0.0,0.0,0.0,0.0,0.09581767443216593
1779682798954908674,0.0,0.0,0.0,0.0,0.0,0.1558133176364378
1779682799055007839,0.0,0.0,0.0,0.0,0.0,0.15169508036297785
1779682799155249351,0.0,0.0,0.0,0.0,0.0,0.13727926521542355
1779682799255423360,0.0,0.0,0.0,0.0,0.0,0.11857288568356184
1779682799354913900,0.0,0.0,0.0,0.0,0.0,0.10465013776519705
1779682799455419942,0.0,0.0,0.0,0.0,0.0,0.09068492695550512
1779682799555384696,0.02218971235985871,0.0,0.0,0.0,0.0,0.07334028432527351
1779682799655006546,0.02219345332424102,0.0,0.0,0.0,0.0,0.062315991110102886
1779682799754944030,0.021999960280263468,0.0,0.0,0.0,0.0,0.048813962762265684
1779682799855063207,0.021704009659482156,0.0,0.0,0.0,0.0,0.04310552180808036
1779682799955165311,0.021415614130440627,0.0,0.0,0.0,0.0,0.03731708946594592
1779682800058197355,0.021138569588257973,0.0,0.0,0.0,0.0,0.032149653272276923
1779682800155141662,0.020869057527469728,0.0,0.0,0.0,0.0,0.02703930669202992
1779682800254985085,0.020614738534884068,0.0,0.0,0.0,0.0,0.025026860634857928
1779682800354983226,0.02024271042597283,0.0,0.0,0.0,0.0,0.021257534926634625
1779682800454881678,0.019957981606698358,0.0,0.0,0.0,0.0,0.0183311352517318
1779682800554866099,0.019528979174272838,0.0,0.0,0.0,0.0,0.01439500437454011
1779682800654965621,0.01927466807109953,0.0,0.0,0.0,0.0,0.013138062176218046
1779682800755041662,0.019020306038664433,0.0,0.0,0.0,0.0,0.011046021520180194
1779682800855138585,0.01876589413542596,0.0,0.0,0.0,0.0,0.00900435118500964
1779682800954832716,0.018431775391024034,0.0,0.0,0.0,0.0,0.007265235296849637
1779682801054959292,0.018196405264026085,0.0,0.0,0.0,0.0,0.005934038215103188
1779682801164365139,0.0,0.0,0.0,0.0,0.0,0.0
1779682801254959845,0.024992509007258322,0.0,0.0,0.0,0.0,-0.05563679790755194
1779682801355205898,0.024924237947001864,0.0,0.0,0.0,0.0,-0.056244810311292026
1779682801455549661,0.024715544912148654,0.0,0.0,0.0,0.0,-0.05318707917824128
1779682801555029628,0.0243778436458626,0.0,0.0,0.0,0.0,-0.04660528601921787
1779682801655439040,0.0240590601506261,0.0,0.0,0.0,0.0,-0.041595010995426285
1779682801755060420,0.023755432892862628,0.0,0.0,0.0,0.0,-0.03630607905255101
1779682801854697679,0.023318898938569307,0.0,0.0,0.0,0.0,-0.02908059152452669
1779682801954995424,0.02280640818504363,0.0,0.0,0.0,0.0,-0.019905309799671422
1779682802054708624,0.022692547843482607,0.0,0.0,0.0,0.0,-0.018248847052706685
1779682802155161124,0.022335661618497583,0.0,0.0,0.0,0.0,-0.014537841125642381
1779682802255303750,0.021993985051349092,0.0,0.0,0.0,0.0,-0.010779517351471868
1779682802354822776,0.02147384264180712,0.0,0.0,0.0,0.0,-0.006802863894247668
1779682802454894170,0.021189090451085694,0.0,0.0,0.0,0.0,-0.005226883249243475
1779682802555324303,0.02089674977000073,0.0,0.0,0.0,0.0,-0.003201180843977247
1779682802655044350,0.020634801662555845,0.0,0.0,0.0,0.0,-0.0021186116405791378
1779682802755409142,0.02038419974449265,0.0,0.0,0.0,0.0,-0.0012454922546295544
1779682802854806706,0.020004533844726193,0.0,0.0,0.0,0.0,-0.00039101368986427243
1779682802955025022,0.019742543662894487,0.0,0.0,0.0,0.0,-0.0004220702263737497
1779682803055162463,0.019472993616154358,0.0,0.0,0.0,0.0,0.00011315941325074075
1779682803154894686,0.019025021693317243,0.0,0.0,0.0,0.0,8.361152174884978e-05
1779682803255365528,0.018778267641349048,0.0,0.0,0.0,0.0,0.00012054117493198735
1779682803355269975,0.018512520169676545,0.0,0.0,0.0,0.0,0.0005929971467543149
1779682803455867548,0.01827338466186464,0.0,0.0,0.0,0.0,0.0012380383249300797
1779682803554821821,0.018026612436965992,0.0,0.0,0.0,0.0,0.0012200123176785427
1779682803664973098,0.0,0.0,0.0,0.0,0.0,0.0
1779682803754871521,0.024920253426709085,0.0,0.0,0.0,0.0,-0.03957174622789772
1779682803855518277,0.024707734381009032,0.0,0.0,0.0,0.0,-0.040233439612216815
1779682803955001448,0.024472414787503106,0.0,0.0,0.0,0.0,-0.03960903415841932
1779682804054970174,0.02415357928665347,0.0,0.0,0.0,0.0,-0.03484561707310707
1779682804155124437,0.023823357285753296,0.0,0.0,0.0,0.0,-0.0293635888667243
1779682804254919575,0.023527324633485783,0.0,0.0,0.0,0.0,-0.025368045077756585
1779682804355037077,0.02321229016148619,0.0,0.0,0.0,0.0,-0.020555268178159114
1779682804455277088,0.022802275721124393,0.0,0.0,0.0,0.0,-0.016727392410681885
1779682804555087513,0.022487222483445927,0.0,0.0,0.0,0.0,-0.014271836674328187
1779682804655214517,0.022179656259045385,0.0,0.0,0.0,0.0,-0.011200954898457405
1779682804755266246,0.021879730717381626,0.0,0.0,0.0,0.0,-0.008945644645650508
1779682804854824277,0.021420321079609537,0.0,0.0,0.0,0.0,-0.0029705656594877228
1779682804954928789,0.0211545644379013,0.0,0.0,0.0,0.0,0.0017598963076481677
1779682805055233377,0.020903959951124634,0.0,0.0,0.0,0.0,0.005287742350966629
1779682805154872752,0.020600298195992236,0.0,0.0,0.0,0.0,0.015366257385919457
1779682805255079381,0.02032313976197152,0.0,0.0,0.0,0.0,0.024201950894672142
1779682805355049313,0.01994355076267379,0.0,0.0,0.0,0.0,0.03775442075391611
1779682805455398227,0.019677933076848755,0.0,0.0,0.0,0.0,0.04712991173691916
1779682805554953806,0.019287122656486914,0.0,0.0,0.0,0.0,0.05750816464918007
1779682805655911241,0.019013958231043796,0.0,0.0,0.0,0.0,0.05707832464996121
1779682805755628516,0.018763576735157873,0.0,0.0,0.0,0.0,0.059876924274532284
1779682805855094039,0.01852837977487883,0.0,0.0,0.0,0.0,0.06381538429609768
1779682805954966989,0.018236335395523374,0.0,0.0,0.0,0.0,0.06936474443284302
1779682806054949923,0.01800497139331582,0.0,0.0,0.0,0.0,0.07404852688330854
1779682806168993817,0.0,0.0,0.0,0.0,0.0,0.0
1779682806255327861,0.024916574033413134,0.0,0.0,0.0,0.0,0.04975551726038874
1779682806289583765,0.0,0.0,0.0,0.0,0.0,0.0
1779682806300984126,0.0,0.0,0.0,0.0,0.0,0.0
