time,x,y,z,pitch,vx,vy,vz,pitch_rate
0.02,0.249211254701595,0.0003822763987745573,-0.0348959103379291,0.2807038317044862,0.00013239955354506602,-7.14989710796688e-07,0.0004019300309316745,-0.0014601874681189656
0.04,0.24921522115772712,0.00038225497894913606,-0.03488386922605841,0.28066008707407114,0.0002641354501801317,-1.4263955132685805e-06,0.0008018453749915111,-0.0029130557008087638
0.06,0.2492218156952228,0.0003822193668467487,-0.03486384995417525,0.2805873582713567,0.00039520768990519706,-2.1342174074156776e-06,0.0011997460321795095,-0.004358604698069393
0.08,0.2492310250409439,0.0003821696341455616,-0.034835892816017046,0.28048579168105126,0.0005256162727202621,-2.8384553932379793e-06,0.0015956320024956702,-0.005796834459900856
0.1,0.24924283592175223,0.0003821058525237413,-0.034800038105321236,0.28035553368786353,0.0006553611986253268,-3.5391094707354863e-06,0.001989503285939993,-0.007227744986303151
0.12,0.24925723506450956,0.00038202809365945435,-0.034756326115825256,0.28019673067650197,0.0007844424676203911,-4.236179639908197e-06,0.0023813598825124776,-0.008651336277276277
0.14,0.24927420919607765,0.00038193642923086714,-0.03470479714126655,0.2800095290316753,0.0009128600797054553,-4.929665900756112e-06,0.0027712017922131246,-0.010067608332820237
0.16,0.24929374504331836,0.00038183093091614625,-0.034645491475382546,0.279794075138092,0.0010406140348805189,-5.619568253279232e-06,0.003159029015041933,-0.011476561152935029
0.18,0.24931582933309346,0.00038171167039345816,-0.03457844941191068,0.2795505153804608,0.001167704333145582,-6.305886697477556e-06,0.0035448415509989036,-0.012878194737620651
0.2,0.24934044879226477,0.0003815787193409693,-0.034503711244588404,0.2792789961434901,0.0012941309745006452,-6.988621233351086e-06,0.0039286394000840365,-0.014272509086877107
0.22,0.2493675901476941,0.0003814321494368463,-0.03442131726715313,0.27897966381188855,0.0014198939589457078,-7.667771860899819e-06,0.0043104225622973315,-0.015659504200704395
0.24,0.2493972401262432,0.0003812720323592555,-0.034331307773342326,0.27865266477036477,0.0015449932864807702,-8.343338580123757e-06,0.004690191037638788,-0.017039180079102514
0.26,0.24942938545477394,0.0003810984397863635,-0.03423372305689339,0.2782981454036273,0.0016694289571058322,-9.015321391022901e-06,0.005067944826108407,-0.01841153672207147
0.28,0.24946401286014805,0.00038091144339633674,-0.0341286034115438,0.27791625209638476,0.0017932009708208944,-9.683720293597249e-06,0.005443683927706188,-0.019776574129611254
0.3,0.24950110906922737,0.00038071111486734176,-0.03401598913103096,0.27750713123334575,0.0019163093276259556,-1.03485352878468e-05,0.00581740834243213,-0.02113429230172187
0.32,0.2495406608088737,0.00038049752587754505,-0.03389592050909232,0.2770709291992187,0.0020387540275210165,-1.1009766373771556e-05,0.0061891180702862356,-0.022484691238403322
0.34,0.2495826548059488,0.00038027074810511306,-0.03376843783946533,0.2766077923787124,0.0021605350705060774,-1.1667413551371518e-05,0.006558813111268503,-0.0238277709396556
0.36,0.24962707778731452,0.0003800308532282123,-0.0336335814158874,0.2761178671565354,0.0022816524565811374,-1.2321476820646683e-05,0.006926493465378931,-0.025163531405478713
0.38,0.24967391647983264,0.0003797779129250094,-0.03349139153209598,0.2756012999173962,0.0024021061857461977,-1.2971956181597056e-05,0.007292159132617523,-0.026491972635872663
0.4,0.24972315761036498,0.0003795119988736706,-0.03334190848182851,0.27505823704600335,0.0025218962580012575,-1.361885163422263e-05,0.007655810112984277,-0.02781309463083744
0.42,0.2497747879057733,0.00037923318275236265,-0.03318517255882242,0.2744888249270655,0.0026410226733463165,-1.4262163178523408e-05,0.00801744640647919,-0.029126897390373052
0.44,0.24982879409291942,0.00037894153623925183,-0.03302122405681515,0.2738932099452913,0.0027594854317813757,-1.490189081449939e-05,0.008377068013102269,-0.03043338091447949
0.46,0.24988516289866516,0.00037863713101250485,-0.03285010326954414,0.27327153848538915,0.0028772845333064345,-1.553803454215058e-05,0.008734674932853508,-0.03173254520315677
0.48,0.24994388104987228,0.000378320038750288,-0.03267185049074683,0.27262395693206787,0.002994419977921493,-1.6170594361476973e-05,0.009090267165732909,-0.03302439025640487
0.5,0.2500049352734026,0.0003779903311307679,-0.032486506014160636,0.27195061167003587,0.003110891765626551,-1.6799570272478572e-05,0.009443844711740472,-0.034308916074223816
0.52,0.250068312296118,0.00037764807983211104,-0.03229411013352302,0.2712516490840018,0.003226699896421609,-1.7424962275155373e-05,0.009795407570876198,-0.035586122656613595
0.54,0.2501339988448801,0.00037729335653248383,-0.0320947031425714,0.2705272155586742,0.003341844370306666,-1.8046770369507382e-05,0.010144955743140087,-0.03685601000357419
0.56,0.2502019816465508,0.0003769262329100529,-0.031888325335043224,0.26977745747876164,0.0034563251872817237,-1.8664994555534594e-05,0.010492489228532135,-0.038118578115105634
0.58,0.2502722474279919,0.0003765467806429846,-0.031675017004675926,0.26900252122897284,0.0035701423473467795,-1.9279634833237007e-05,0.010838008027052344,-0.039373826991207894
0.6,0.25034478291606527,0.00037615507140944556,-0.03145481844520695,0.2682025531940162,0.0036832958505018366,-1.989069120261463e-05,0.011181512138700719,-0.040621756631880994
0.62,0.25041957483763266,0.00037575117688760224,-0.031227769950373713,0.26737769975860043,0.0037957856967468923,-2.0498163663667453e-05,0.011523001563477254,-0.04186236703712493
0.64,0.25049660991955575,0.00037533516875562105,-0.030993911813913665,0.2665281073074341,0.003907611886081948,-2.1102052216395482e-05,0.011862476301381953,-0.043095658206939697
0.66,0.2505758748886965,0.0003749071186916686,-0.030753284329564246,0.2656539222252257,0.0040187744185070035,-2.1702356860798717e-05,0.01219993635241481,-0.04432163014132529
0.68,0.2506573564719166,0.00037446709837391125,-0.030505927791062887,0.2647552908966839,0.004129273294022059,-2.2299077596877157e-05,0.012535381716575835,-0.04554028284028173
0.7000000000000001,0.25074104139607795,0.00037401517948051563,-0.030251882492147022,0.2638323597065173,0.0042391085126271145,-2.2892214424630806e-05,0.012868812393865017,-0.046751616303808995
0.72,0.25082691638804233,0.0003735514336896482,-0.0299911887265541,0.26288527503943443,0.004348280074322168,-2.3481767344059646e-05,0.01320022838428236,-0.04795563053190707
0.74,0.25091496817467146,0.00037307593267947543,-0.029723886788021542,0.2619141832801439,0.004456787979107222,-2.4067736355163698e-05,0.013529629687827869,-0.049152325524576004
0.76,0.2510051834828272,0.0003725887481281638,-0.029450016970286794,0.2609192308133543,0.004564632226982276,-2.465012145794296e-05,0.01385701630450154,-0.05034170128181577
0.78,0.25109754903937137,0.0003720899517138799,-0.029169619567087295,0.2599005640237741,0.004671812817947329,-2.5228922652397422e-05,0.014182388234303372,-0.05152375780362636
0.8,0.2511920515711657,0.0003715796151147901,-0.028882734872160473,0.2588583292961121,0.004778329752002383,-2.5804139938527087e-05,0.014505745477233366,-0.052698495090007784
0.8200000000000001,0.2512886778050721,0.00037105781000906096,-0.028589403179243772,0.2577926730150767,0.004884183029147435,-2.637577331633196e-05,0.014827088033291521,-0.053865913140960044
0.84,0.2513874144679522,0.00037052460807485897,-0.028289664782074626,0.2567037415653765,0.004989372649382488,-2.6943822785812033e-05,0.015146415902477837,-0.05502601195648313
0.86,0.25148824828666794,0.0003699800809903506,-0.02798355997439047,0.2555916813317202,0.00509389861270754,-2.7508288346967314e-05,0.015463729084792318,-0.05617879153657705
0.88,0.25159116598808107,0.0003694243004337024,-0.027671129049928744,0.2544566386988163,0.0051977609191225915,-2.8069169999797793e-05,0.015779027580234962,-0.057324251881241794
0.9,0.25169615429905345,0.00036885733808308084,-0.027352412302426885,0.2532987600513734,0.005300959568627643,-2.8626467744303488e-05,0.016092311388805763,-0.05846239299047738
0.92,0.25180319994644684,0.00036827926561665243,-0.02702745002562233,0.25211819177410005,0.005403494561222693,-2.9180181580484378e-05,0.01640358051050473,-0.0595932148642838
0.9400000000000001,0.251912289657123,0.0003676901547125836,-0.026696282513252508,0.2509150802517049,0.005505365896907745,-2.973031150834048e-05,0.01671283494533186,-0.060716717502661055
0.96,0.2520234101579437,0.000367090077049041,-0.026358950059054864,0.24968957186889648,0.005606573575682795,-3.027685752787178e-05,0.01702007469328715,-0.061832900905609126
0.98,0.2521365481757709,0.00036647910430419095,-0.026015492956766834,0.2484418130103834,0.005707117597547845,-3.0819819639078286e-05,0.0173252997543706,-0.06294176507312804
1.0,0.2522516904374662,0.0003658573081562,-0.025665951500125853,0.24717195006087422,0.0058069979625028955,-3.135919784196e-05,0.017628510128582214,-0.06404331000521779
1.02,0.2523688236698916,0.00036522476028323474,-0.025310365982869357,0.24588012940507753,0.005906214670547945,-3.189499213651692e-05,0.017929705815921994,-0.06513753570187837
1.04,0.25248793459990876,0.0003645815323634616,-0.024948776698734784,0.24456649742770195,0.006004767721682994,-3.242720252274904e-05,0.018228886816389928,-0.06622444216310978
1.06,0.2526090099543795,0.0003639276960750469,-0.02458122394145957,0.243231200513456,0.006102657115908043,-3.295582900065637e-05,0.01852605312998603,-0.06730402938891203
1.08,0.2527320364601656,0.0003632633230961575,-0.024207748004781152,0.2418743850470483,0.0061998828532230914,-3.34808715702389e-05,0.018821204756710293,-0.06837629737928509
1.1,0.25285700084412904,0.00036258848510495957,-0.02382838918243697,0.24049619741318748,0.00629644493362814,-3.400233023149663e-05,0.019114341696562717,-0.069441246134229
1.12,0.2529838898331314,0.0003619032537796197,-0.023443187768164456,0.23909678399658202,0.006392343357123188,-3.452020498442957e-05,0.019405463949543303,-0.07049887565374374
1.1400000000000001,0.2531126901540346,0.00036120770079830453,-0.02305218405570105,0.23767629118194059,0.0064875781237082345,-3.5034495829037716e-05,0.019694571515652053,-0.07154918593782933
1.16,0.2532433885337003,0.0003605018978391804,-0.022655418338784192,0.23623486535397173,0.006582149233383281,-3.554520276532106e-05,0.019981664394888958,-0.07259217698648572
1.18,0.2533759716989905,0.00035978591658041383,-0.022252930911151308,0.23477265289738403,0.006676056686148327,-3.6052325793279615e-05,0.020266742587254034,-0.07362784879971296
1.2,0.25351042637676685,0.0003590598287001714,-0.02184476206653984,0.23328980019688605,0.006769300482003375,-3.655586491291337e-05,0.020549806092747265,-0.07465620137751101
1.22,0.2536467392938912,0.0003583237058766195,-0.021430952098687228,0.23178645363718645,0.006861880620948421,-3.7055820124222335e-05,0.020830854911368664,-0.07567723471987992
1.24,0.2537848971772254,0.00035757761978792463,-0.021011541301330903,0.23026275960299372,0.006953797102983467,-3.75521914272065e-05,0.021109889043118224,-0.07669094882681965
1.26,0.2539248867536312,0.00035682164211225335,-0.02058656996820831,0.22871886447901651,0.007045049928108513,-3.8044978821865876e-05,0.021386908487995942,-0.07769734369833023
1.28,0.2540666947499703,0.0003560558445277722,-0.02015607839305688,0.22715491464996337,0.007135639096323558,-3.8534182308200444e-05,0.021661913246001824,-0.07869641933441163
1.3,0.25421030789310467,0.0003552802987126475,-0.01972010686961405,0.2255710565005429,0.007225564607628602,-3.901980188621023e-05,0.021934903317135872,-0.07968817573506386
1.32,0.2543557129098961,0.0003544950763450459,-0.01927869569161726,0.22396743641546366,0.007314826462023647,-3.950183755589522e-05,0.022205878701398077,-0.0806726129002869
1.34,0.25450289652720626,0.0003537002491031339,-0.01883188515280394,0.2223442007794343,0.007403424659508692,-3.998028931725541e-05,0.022474839398788447,-0.08164973083008081
1.36,0.25465184547189706,0.0003528958886650779,-0.018379715546911528,0.22070149597716332,0.0074913592000837356,-4.04551571702908e-05,0.022741785409306978,-0.08261952952444554
1.3800000000000001,0.2548025464708302,0.0003520820667090444,-0.017922227167677468,0.21903946839335933,0.007578630083748778,-4.09264411150014e-05,0.023006716732953666,-0.0835820089833811
1.4000000000000001,0.2549549862508676,0.00035125885491320004,-0.017459460308839193,0.2173582644127309,0.007665237310503822,-4.1394141151387206e-05,0.023269633369728523,-0.08453716920688749
1.42,0.2551091515388709,0.00035042632495571114,-0.016991455264134148,0.2156580304199867,0.007751180880348864,-4.1858257279448205e-05,0.023530535319631538,-0.08548501019496471
1.44,0.2552650290617021,0.0003495845485147442,-0.01651825232729975,0.2139389127998352,0.007836460793283906,-4.2318789499184416e-05,0.023789422582662718,-0.08642553194761275
1.46,0.2554226055462229,0.0003487335972684659,-0.01603989179207345,0.21220105793698504,0.00792107704930895,-4.277573781059584e-05,0.024046295158822062,-0.08735873446483164
1.48,0.2555818677192951,0.00034787354289504257,-0.01555641395219268,0.21044461221614483,0.008005029648423992,-4.322910221368245e-05,0.02430115304810956,-0.08828461774662137
1.5,0.25574280230778046,0.00034700445707264074,-0.015067859101394878,0.20866972202202305,0.008088318590629032,-4.3678882708444286e-05,0.024553996250525227,-0.08920318179298192
1.52,0.25590539603854084,0.00034612641147942696,-0.014574267533417484,0.20687653373932838,0.008170943875924075,-4.412507929488132e-05,0.024804824766069055,-0.0901144266039133
1.54,0.25606963563843804,0.0003452394777935677,-0.014075679541997928,0.2050651937527694,0.008252905504309115,-4.4567691972993556e-05,0.025053638594741044,-0.09101835217941553
1.56,0.2562355078343338,0.0003443437276932294,-0.013572135420873651,0.2032358484470546,0.008334203475784155,-4.5006720742781e-05,0.025300437736541195,-0.09191495851948858
1.58,0.25640299935309,0.00034343923285657855,-0.01306367546378209,0.20138864420689268,0.008414837790349194,-4.544216560424364e-05,0.025545222191469506,-0.09280424562413245
1.6,0.2565720969215684,0.0003425260649617818,-0.012550339964460682,0.19952372741699217,0.008494808448004236,-4.587402655738149e-05,0.025787991959525986,-0.09368621349334716
1.62,0.25674278726663075,0.0003416042956870055,-0.012032169216646862,0.19764124446206166,0.008574115448749274,-4.630230360219454e-05,0.02602874704071062,-0.09456086212713272
1.6400000000000001,0.25691505711513896,0.0003406739967104162,-0.011509203514078067,0.1957413417268097,0.008652758792584314,-4.67269967386828e-05,0.02626748743502342,-0.09542819152548909
1.6600000000000001,0.2570888931939547,0.00033973523971018033,-0.01098148315049174,0.19382416559594498,0.008730738479509354,-4.714810596684626e-05,0.026504213142464386,-0.09628820168841631
1.68,0.2572642822299399,0.0003387880963644645,-0.010449048419625313,0.19188986245417597,0.00880805450952439,-4.756563128668493e-05,0.0267389241630335,-0.09714089261591435
1.7,0.2574412109499563,0.0003378326383514351,-0.009911939615216216,0.18993857868621125,0.008884706882629429,-4.7979572698198796e-05,0.02697162049673079,-0.09798626430798321
1.72,0.2576196660808657,0.00033686893734925875,-0.009370197031001894,0.1879704606767595,0.008960695598824469,-4.838993020138788e-05,0.027202302143556234,-0.09882431676462294
1.74,0.2577996343495299,0.00033589706503610176,-0.008823860960719774,0.1859856548105292,0.009036020658109505,-4.8796703796252165e-05,0.027430969103509843,-0.09965504998583348
1.76,0.2579811024828107,0.00033491709309013077,-0.008272971698107309,0.18398430747222902,0.009110682060484543,-4.919989348279164e-05,0.02765762137659162,-0.10047846397161483
1.78,0.25816405720756985,0.00033392909318951227,-0.00771756953690192,0.18196656504656747,0.009184679805949579,-4.9599499261006334e-05,0.027882258962801547,-0.10129455872196703
1.8,0.2583484852506693,0.0003329331370124127,-0.007157694770841058,0.17993257391825318,0.009258013894504615,-4.999552113089623e-05,0.028104881862139643,-0.10210333423689007
1.82,0.25853437333897067,0.0003319292962369986,-0.006593387693662149,0.17788248047199473,0.009330684326149651,-5.038795909246134e-05,0.028325490074605907,-0.10290479051638395
1.84,0.2587217081993359,0.0003309176425414364,-0.006024688599102636,0.17581643109250067,0.009402691100884687,-5.077681314570163e-05,0.028544083600200325,-0.10369892756044864
1.86,0.2589104765586267,0.0003298982476038927,-0.005451637780899943,0.17373457216447963,0.009474034218709723,-5.116208329061714e-05,0.0287606624389229,-0.10448574536908417
1.8800000000000001,0.25910066514370483,0.0003288711831025339,-0.004874275532791529,0.17163705007264016,0.009544713679624759,-5.1543769527207856e-05,0.028975226590773652,-0.10526524394229055
1.9000000000000001,0.25929226068143224,0.00032783652071552655,-0.004292642148514814,0.1695240112016909,0.009614729483629793,-5.192187185547378e-05,0.029187776055752554,-0.10603742328006775
1.92,0.2594852498986706,0.0003267943321210371,-0.0037067779218072413,0.16739560193634032,0.009684081630724827,-5.229639027541489e-05,0.02939831083385962,-0.10680228338241576
1.94,0.25967961952228186,0.00032574468899723214,-0.0031167231464062457,0.16525196866129713,0.009752770120909863,-5.266732478703123e-05,0.02960683092509485,-0.10755982424933463
1.96,0.25987535627912767,0.0003246876630222781,-0.0025225181160492592,0.16309325776126982,0.009820794954184895,-5.303467539032275e-05,0.029813336329458238,-0.10831004588082432
1.98,0.26007244689606984,0.0003236233258743414,-0.0019242031244737284,0.16091961562096702,0.00988815613054993,-5.3398442085289484e-05,0.030017827046949795,-0.10905294827688486
2.0,0.26027087809997024,0.00032255174923158863,-0.0013218184654170805,0.15873118862509727,0.009954853650004963,-5.375862487193143e-05,0.03022030307756951,-0.10978853143751621
2.02,0.26047063661769065,0.00032147300477218624,-0.0007154044326167621,0.1565281231583692,0.010020887512549995,-5.4115223750248574e-05,0.030420764421317387,-0.11051679536271841
2.04,0.26067170917609284,0.00032038716417430083,-0.00010500131981019956,0.15431056560549142,0.01008625771818503,-5.446823872024093e-05,0.03061921107819343,-0.11123774005249143
2.06,0.26087408250203864,0.00031929429911609883,0.0005093505792651623,0.15207866235117243,0.010150964266910062,-5.481766978190848e-05,0.03081564304819763,-0.1119513655068353
2.08,0.2610777433223898,0.0003181944812757467,0.0011276109708718979,0.14983255978012083,0.010215007158725092,-5.516351693525124e-05,0.03101006033132999,-0.11265767172574997
2.1,0.26128267836400826,0.0003170877823314109,0.001749739561272552,0.14757240427704527,0.010278386393630124,-5.55057801802692e-05,0.031202462927590525,-0.1133566587092355
2.12,0.2614888743537557,0.0003159742739612581,0.0023756960567297095,0.14529834222665428,0.010341101971625157,-5.584445951696238e-05,0.03139285083697921,-0.11404832645729185
2.14,0.26169631801849386,0.0003148540278434546,0.00300544016350591,0.14301052001365647,0.010403153892710187,-5.617955494533074e-05,0.03158122405949606,-0.11473267496991901
2.16,0.2619049960850846,0.00031372711565616696,0.00363893158786374,0.1407090840227604,0.010464542156885217,-5.6511066465374316e-05,0.03176758259514107,-0.11540970424711704
2.18,0.26211489528038984,0.0003125936090775618,0.004276130036065749,0.13839418063867462,0.010525266764150248,-5.68389940770931e-05,0.031951926443914244,-0.11607941428888588
2.2,0.26232600233127124,0.0003114535797858054,0.004916995214374496,0.13606595624610782,0.010585327714505278,-5.7163337780487095e-05,0.03213425560581558,-0.11674180509522558
2.22,0.26253830396459066,0.0003103070994590644,0.005561486829052558,0.13372455722976845,0.010644725007950308,-5.748409757555627e-05,0.03231457008084508,-0.11739687666613609
2.24,0.26275178690720985,0.00030915423977550535,0.006209564586362487,0.13137012997436523,0.010703458644485339,-5.7801273462300674e-05,0.03249286986900274,-0.11804462900161744
2.2600000000000002,0.26296643788599067,0.0003079950724132946,0.006861188192566859,0.1290028208646066,0.010761528624110367,-5.8114865440720274e-05,0.03266915497028856,-0.11868506210166961
2.2800000000000002,0.2631822436277949,0.00030682966905059867,0.007516317353928222,0.12662277628520127,0.010818934946825395,-5.842487351081508e-05,0.03284342538470255,-0.11931817596629263
2.3000000000000003,0.26339919085948427,0.00030565810136558416,0.008174911776709147,0.12423014262085778,0.010875677612630422,-5.87312976725851e-05,0.03301568111224469,-0.11994397059548648
2.32,0.2636172663079207,0.0003044804410364175,0.008836931167172185,0.12182506625628471,0.01093175662152545,-5.9034137926030295e-05,0.03318592215291499,-0.12056244598925114
2.34,0.2638364566999659,0.0003032967597412651,0.00950233523157992,0.11940769357619063,0.010987171973510478,-5.933339427115072e-05,0.03335414850671346,-0.12117360214758666
2.36,0.2640567487624817,0.0003021071291582936,0.010171083676194912,0.11697817096528414,0.011041923668585503,-5.9629066707946344e-05,0.0335203601736401,-0.12177743907049299
2.38,0.2642781292223299,0.0003009116209656694,0.010843136207279714,0.11453664480827377,0.011096011706750532,-5.9921155236417157e-05,0.033684557153694894,-0.12237395675797014
2.4,0.26450058480637234,0.00029971030684155907,0.011518452531096898,0.11208326148986818,0.01114943608800556,-6.0209659856563195e-05,0.03384673944687785,-0.12296315521001815
2.42,0.26472410224147075,0.0002985032584641291,0.012196992353909015,0.1096181673947759,0.011202196812350584,-6.049458056838444e-05,0.03400690705318897,-0.12354503442663697
2.44,0.26494866825448693,0.0002972905475115459,0.012878715381978642,0.10714150890770555,0.011254293879785611,-6.077591737188088e-05,0.03416505997262825,-0.12411959440782666
2.46,0.2651742695722828,0.000296072245661976,0.013563581321568333,0.1046534324133657,0.011305727290310638,-6.105367026705251e-05,0.03432119820519569,-0.12468683515358717
2.48,0.26540089292172003,0.00029484842459358594,0.014251549878940664,0.10215408429646491,0.011356497043925662,-6.132783925389937e-05,0.0344753217508913,-0.1252467566639185
2.5,0.26562852502966044,0.0002936191559845422,0.014942580760358176,0.09964361094171181,0.011406603140630687,-6.159842433242143e-05,0.034627430609715064,-0.12579935893882066
2.52,0.26585715262296583,0.0002923845115130112,0.015636633672083455,0.09712215873381494,0.011456045580425712,-6.186542550261869e-05,0.034777524781666985,-0.12634464197829365
2.54,0.26608676242849805,0.00029114456285715966,0.016333668320379045,0.09458987405748295,0.011504824363310736,-6.212884276449117e-05,0.03492560426674708,-0.1268826057823375
2.56,0.26631734117311884,0.00028989938169515377,0.017033644411507523,0.09204690329742432,0.01155293948928576,-6.238867611803882e-05,0.03507166906495533,-0.12741325035095216
2.58,0.26654887558369006,0.00028864903970516026,0.017736521651731448,0.0894933928383477,0.011600390958350783,-6.264492556326169e-05,0.03521571917629175,-0.12793657568413766
2.6,0.26678135238707346,0.00028739360856534546,0.018442259747313387,0.08692948906496165,0.011647178770505806,-6.289759110015978e-05,0.035357754600756325,-0.12845258178189398
2.62,0.2670147583101309,0.000286133159953876,0.019150818404515893,0.08435533836197477,0.011693302925750831,-6.314667272873305e-05,0.035497775338349066,-0.12896126864422114
2.64,0.26724908007972414,0.0002848677655489183,0.019862157329601532,0.08177108711409567,0.011738763424085853,-6.339217044898154e-05,0.03563578138906996,-0.1294626362711191
2.66,0.2674843044227149,0.0002835974970286389,0.020576236228832874,0.07917688170603288,0.011783560265510876,-6.363408426090524e-05,0.03577177275291903,-0.12995668466258792
2.68,0.26772041806596514,0.00028232242607120425,0.021293014808472486,0.07657286852249501,0.011827693450025899,-6.387241416450413e-05,0.03590574942989626,-0.1304434138186276
2.7,0.2679574077363366,0.0002810426243547809,0.022012452774782913,0.07395919394819064,0.011871162977630918,-6.410716015977824e-05,0.036037711420001645,-0.13092282373923808
2.72,0.26819526016069095,0.00027975816355753526,0.022734509834026743,0.07133600436782835,0.01191396884832594,-6.433832224672753e-05,0.03616765872323519,-0.13139491442441942
2.74,0.26843396206589015,0.0002784691153576339,0.023459145692466515,0.06870344616611673,0.011956111062110962,-6.456590042535205e-05,0.0362955913395969,-0.13185968587417157
2.7600000000000002,0.26867350017879604,0.00027717555143324336,0.02418632005636481,0.06606166572776435,0.01199758961898598,-6.478989469565176e-05,0.03642150926908677,-0.13231713808849455
2.7800000000000002,0.26891386122627026,0.00027587754346253,0.02491599263198417,0.0634108094374798,0.012038404518951003,-6.501030505762668e-05,0.03654541251170482,-0.13276727106738836
2.8000000000000003,0.26915503193517465,0.00027457516312366046,0.025648123125587192,0.060751023679971664,0.012078555762006024,-6.522713151127681e-05,0.036667301067451,-0.133210084810853
2.82,0.2693969990323711,0.00027326848209480116,0.026382671243436386,0.058082454839948575,0.012118043348151041,-6.544037405660212e-05,0.03678717493632536,-0.13364557931888849
2.84,0.26963974924472134,0.00027195757205411856,0.027119596691794375,0.055405249302119,0.01215686727738606,-6.565003269360265e-05,0.03690503411832788,-0.1340737545914948
2.86,0.2698832692990871,0.0002706425046797792,0.027858859176923684,0.052719553451191684,0.012195027549711081,-6.58561074222784e-05,0.03702087861345857,-0.13449461062867196
2.88,0.27012754592233035,0.0002693233516499496,0.028600418405086904,0.050025513671874994,0.012232524165126098,-6.605859824262934e-05,0.03713470842171741,-0.1349081474304199
2.9,0.27037256584131275,0.0002680001846427962,0.029344234082546584,0.04732327634887769,0.012269357123631117,-6.625750515465548e-05,0.03724652354310441,-0.1353143649967387
2.92,0.2706183157828962,0.00026667307533648557,0.030090265915565267,0.04461298786690833,0.012305526425226136,-6.645282815835684e-05,0.03735632397761959,-0.13571326332762837
2.94,0.2708647824739424,0.0002653420954091841,0.030838473610405547,0.041894794610675454,0.012341032069911152,-6.66445672537334e-05,0.03746410972526292,-0.13610484242308885
2.96,0.2711119526413132,0.00026400731653905833,0.03158881687332997,0.03916884296488764,0.01237587405768617,-6.683272244078515e-05,0.03756988078603442,-0.13648910228312017
2.98,0.27135981301187045,0.00026266881040427486,0.032341255410601115,0.036435279314253485,0.012410052388551189,-6.701729371951212e-05,0.037673637159934076,-0.1368660429077223
3.0,0.2716083503124759,0.00026132664868300004,0.03309574892848152,0.03369425004348159,0.012443567062506204,-6.719828108991429e-05,0.03777537884696189,-0.13723566429689527
3.02,0.27185755126999134,0.00025998090305340044,0.03385225713323378,0.03094590153728051,0.012476418079551221,-6.737568455199167e-05,0.03787510584711787,-0.13759796645063907
3.04,0.2721074026112785,0.00025863164519364254,0.03461073973112042,0.028190380180358868,0.012508605439686238,-6.754950410574425e-05,0.037972818160402017,-0.1379529493689537
3.06,0.27235789106319935,0.00025727894678189285,0.03537115642840405,0.025427832357425267,0.012540129142911253,-6.771973975117201e-05,0.03806851578681431,-0.1383006130518392
3.08,0.27260900335261556,0.00025592287949631785,0.03613346693134719,0.022658404453188202,0.01257098918922627,-6.7886391488275e-05,0.038162198726354776,-0.1386409574992955
3.1,0.272860726206389,0.000254563515015084,0.03689763094621244,0.019882242852356236,0.012601185578631281,-6.804945931705321e-05,0.0382538669790234,-0.1389739827113226
3.12,0.27311304635138145,0.00025320092501635787,0.037663608179262315,0.017099493939638125,0.012630718311126297,-6.82089432375066e-05,0.038343520544820195,-0.1392996886879206
3.14,0.27336595051445467,0.0002518351811783059,0.038431358336759425,0.014310304099742294,0.012659587386711312,-6.83648432496352e-05,0.038431159423745156,-0.13961807542908936
3.16,0.27361942542247053,0.0002504663551790946,0.03920084112496632,0.01151481971737739,0.012687792805386323,-6.851715935343901e-05,0.03851678361579826,-0.139929142934829
3.18,0.2738734578022907,0.0002490945186968905,0.03997201625014554,0.008713187177251988,0.01271533456715134,-6.866589154891802e-05,0.038600393120979536,-0.14023289120513943
3.2,0.2741280343807771,0.00024771974340986007,0.04074484341855969,0.0059055528640746535,0.012742212672006353,-6.881103983607224e-05,0.03868198793928898,-0.14052932024002074
3.22,0.27438314188479157,0.00024634210099616974,0.04151928233647129,0.0030920631625540457,0.012768427119951365,-6.895260421490164e-05,0.038761568070726574,-0.14081843003947286
3.24,0.2746387670411958,0.0002449616631339861,0.042295292710142936,0.00027286445739860277,0.012793977910986378,-6.909058468540627e-05,0.038839133515292334,-0.14110022060349584
3.2600000000000002,0.2748948965768516,0.0002435785015014757,0.043072834245837174,-0.002551896866682918,0.012818865045111393,-6.922498124758611e-05,0.038914684272986264,-0.14137469193208962
3.2800000000000002,0.27515151721862086,0.00024219268777680487,0.04385186664981657,-0.005382074424982147,0.012843088522326402,-6.935579390144114e-05,0.03898822034380834,-0.14164184402525426
3.3000000000000003,0.2754086156933653,0.0002408042936381402,0.0446323496283437,-0.0082175218327903,0.012866648342631414,-6.948302264697139e-05,0.03905974172775859,-0.1419016768829897
3.3200000000000003,0.2756661787279467,0.00023941339076364817,0.04541424288768109,-0.011058092705398787,0.012889544506026428,-6.960666748417681e-05,0.03912924842483701,-0.142154190505296
3.34,0.27592419304922694,0.00023802005083149532,0.04619750613409137,-0.013903640658099209,0.012911777012511436,-6.972672841305745e-05,0.03919674043504358,-0.14239938489217313
3.36,0.2761826453840678,0.0002366243455198481,0.046982099073837026,-0.016754019306182824,0.012933345862086448,-6.984320543361332e-05,0.03926221775837831,-0.1426372600436211
3.38,0.276441522459331,0.000235226346506873,0.047767981413180664,-0.019609082264941152,0.01295425105475146,-6.995609854584437e-05,0.0393256803948412,-0.14286781595963982
3.4,0.27670081100187843,0.00023382612547073647,0.04855511285838485,-0.022468683149665547,0.012974492590506467,-7.006540774975063e-05,0.03938712834443227,-0.14309105264022948
3.42,0.27696049773857184,0.0002324237540896051,0.04934345311571214,-0.025332675575647473,0.01299407046935148,-7.017113304533208e-05,0.03944656160715148,-0.1433069700853899
3.44,0.27722056939627304,0.00023101930404164535,0.05013296189142509,-0.028200913158178326,0.01301298469128649,-7.027327443258878e-05,0.03950398018299887,-0.14351556829512122
3.46,0.2774810127018439,0.0002296128470050237,0.050923598891786305,-0.0310732495125495,0.013031235256311495,-7.037183191152064e-05,0.039559384071974416,-0.1437168472694233
3.48,0.2777418143821461,0.00022820445465790667,0.05171532382305829,-0.03394953825405245,0.013048822164426505,-7.046680548212773e-05,0.03961277327407811,-0.14391080700829628
3.5,0.27800296116404155,0.00022679419867846078,0.0525080963915036,-0.03682963299797848,0.013065745415631515,-7.055819514441e-05,0.03966414778930998,-0.14409744751174003
3.52,0.278264439774392,0.00022538215074485246,0.053301876303384864,-0.03971338735961913,0.013082005009926522,-7.064600089836748e-05,0.03971350761767002,-0.14427676877975462
3.54,0.27852623694005924,0.00022396838253524822,0.05409662326496458,-0.04260065495426585,0.01309760094731153,-7.073022274400019e-05,0.0397608527591582,-0.1444487708123401
3.56,0.27878833938790504,0.0002225529657278146,0.05489229698250538,-0.045491289397209894,0.013112533227786539,-7.081086068130808e-05,0.039806183213774556,-0.14461345360949635
3.58,0.2790507338447913,0.00022113597200071808,0.05568885716226974,-0.04838514430374277,0.013126801851351544,-7.08879147102912e-05,0.039849498981519085,-0.14477081717122348
3.6,0.27931340703757973,0.0002197174730321251,0.05648626351052032,-0.05128207328915596,0.013140406818006552,-7.09613848309495e-05,0.03989080006239175,-0.14492086149752137
3.62,0.27957634569313217,0.00021829754050020227,0.05728447573351962,-0.05418192996874077,0.01315334812775156,-7.1031271043283e-05,0.039930086456392594,-0.1450635865883902
3.64,0.27983953653831034,0.00021687624608311598,0.058083453537530215,-0.05708456795778871,0.013165625780586563,-7.109757334729172e-05,0.0399673581635216,-0.14519899244382978
3.66,0.2801029662999762,0.00021545366145903273,0.05888315662881468,-0.05998984087159115,0.01317723977651157,-7.116029174297563e-05,0.040002615183778754,-0.14532707906384024
3.68,0.28036662170499144,0.0002140298583061191,0.059683544713635545,-0.06289760232543948,0.013188190115526573,-7.121942623033474e-05,0.04003585751716409,-0.14544784644842146
3.7,0.28063048948021785,0.0002126049083025415,0.06048457749825543,-0.06580770593462512,0.01319847679763158,-7.127497680936909e-05,0.04006708516367758,-0.1455612945975736
3.72,0.2808945563525173,0.00021117888312646648,0.061286214688936864,-0.06872000531443961,0.013208099822826586,-7.132694348007861e-05,0.04009629812331922,-0.1456674235112965
3.74,0.28115880904875157,0.00020975185445606053,0.06208841599194238,-0.07163435408017421,0.013217059191111588,-7.137532624246337e-05,0.04012349639608904,-0.14576623318959028
3.7600000000000002,0.2814232342957824,0.00020832389396949013,0.0628911411135346,-0.07455060584712037,0.013225354902486592,-7.14201250965233e-05,0.04014867998198702,-0.14585772363245486
3.7800000000000002,0.2816878188204716,0.0002068950733449218,0.06369434975997604,-0.07746861423056944,0.0132329869569516,-7.146134004225844e-05,0.04017184888101315,-0.14594189483989028
3.8000000000000003,0.281952549349681,0.00020546546426052195,0.0644980016375293,-0.080388232845813,0.0132399553545066,-7.149897107966881e-05,0.04019300309316745,-0.14601874681189658
3.8200000000000003,0.28221741261027244,0.00020403513839445722,0.06530205645245693,-0.08330931530814245,0.013246260095151605,-7.153301820875436e-05,0.040212142618449916,-0.14608827954847364
3.84,0.2824823953291077,0.00020260416742489394,0.0661064739110215,-0.08623171523284917,0.013251901178886607,-7.156348142951512e-05,0.040229267456860535,-0.14615049304962155
3.86,0.2827474842330486,0.00020117262302999877,0.06691121371948555,-0.08915528623522442,0.013256878605711607,-7.159036074195108e-05,0.04024437760839931,-0.14620538731534036
3.88,0.28301266604895675,0.00019974057688793812,0.06771623558411163,-0.09207988193055983,0.013261192375626611,-7.161365614606227e-05,0.04025747307306626,-0.14625296234562993
3.9,0.2832779275036942,0.00019830810067687844,0.06852149921116235,-0.09500535593414677,0.013264842488631615,-7.163336764184863e-05,0.04026855385086138,-0.14629321814049037
3.92,0.2835432553241226,0.00019687526607498632,0.0693269643069003,-0.0979315618612766,0.013267828944726614,-7.16494952293102e-05,0.04027761994178464,-0.1463261546999216
3.94,0.2838086362371039,0.0001954421447604282,0.07013259057758794,-0.1008583533272408,0.013270151743911615,-7.1662038908447e-05,0.040284671345836076,-0.14635177202392372
3.96,0.2840740569694997,0.00019400880841137058,0.0709383377294879,-0.10378558394733067,0.013271810886186617,-7.167099867925897e-05,0.040289708063015676,-0.14637007011249661
3.98,0.28433950424817195,0.00019257532870597998,0.07174416546886275,-0.10671310733683781,0.013272806371551616,-7.167637454174618e-05,0.040292730093323424,-0.1463810489656404
4.0,0.2846049647999824,0.0001911417773224229,0.07255003350197504,-0.10964077711105347,0.013273138200006617,-7.167816649590857e-05,0.04029373743675935,-0.14638470858335495
4.0200000000000005,0.2848704253517928,0.00018970822593886578,0.07335590153508734,-0.11256844688526924,0.013272806371551616,-7.167637454174618e-05,0.040292730093323424,-0.14638104896564036
4.04,0.285135872630465,0.0001882747462334752,0.07416172927446216,-0.11549597027477623,0.013271810886186616,-7.167099867925898e-05,0.04028970806301567,-0.14637007011249661
4.0600000000000005,0.28540129336286085,0.0001868414098844176,0.07496747642636215,-0.1184232008948661,0.013270151743911617,-7.1662038908447e-05,0.04028467134583608,-0.14635177202392372
4.08,0.2856666742758421,0.00018540828856985955,0.07577310269704979,-0.12134999236083022,0.013267828944726617,-7.164949522931023e-05,0.04027761994178465,-0.14632615469992163
4.1,0.2859320020962705,0.00018397545396796737,0.07657856779278771,-0.12427619828796019,0.013264842488631612,-7.163336764184862e-05,0.04026855385086137,-0.14629321814049034
4.12,0.28619726355100794,0.00018254297775690775,0.07738383141983843,-0.12720167229154705,0.013261192375626613,-7.161365614606225e-05,0.04025747307306627,-0.14625296234562996
4.14,0.2864624453669162,0.00018111093161484707,0.07818885328446454,-0.13012626798688245,0.01325687860571161,-7.159036074195108e-05,0.040244377608399315,-0.14620538731534036
4.16,0.286727534270857,0.00017967938721995182,0.07899359309292861,-0.13304983898925782,0.013251901178886605,-7.156348142951512e-05,0.04022926745686053,-0.1461504930496216
4.18,0.28699251698969225,0.00017824841625038864,0.07979801055149313,-0.13597223891396434,0.013246260095151605,-7.153301820875436e-05,0.04021214261844991,-0.1460882795484737
4.2,0.28725738025028363,0.00017681809038432386,0.08060206536642078,-0.13889332137629393,0.0132399553545066,-7.149897107966881e-05,0.04019300309316746,-0.14601874681189658
4.22,0.2875221107794931,0.00017538848129992402,0.08140571724397404,-0.14181293999153752,0.013232986956951596,-7.146134004225846e-05,0.040171848881013154,-0.1459418948398903
4.24,0.2877866953041823,0.00017395966067535566,0.08220892589041552,-0.14473094837498673,0.013225354902486594,-7.142012509652331e-05,0.04014867998198701,-0.1458577236324549
4.26,0.2880511205512132,0.00017253170018878533,0.08301165101200768,-0.14764720014193275,0.013217059191111592,-7.137532624246336e-05,0.040123496396089045,-0.14576623318959026
4.28,0.28831537324744744,0.00017110467151837933,0.08381385231501325,-0.1505615489076674,0.013208099822826586,-7.132694348007862e-05,0.040096298123319225,-0.1456674235112965
4.3,0.28857944011974684,0.00016967864634230426,0.08461548950569465,-0.1534738482874818,0.013198476797631581,-7.127497680936908e-05,0.040067085163677574,-0.14556129459757355
4.32,0.28884330789497326,0.0001682536963387267,0.08541652229031456,-0.1563839518966675,0.013188190115526575,-7.121942623033476e-05,0.04003585751716409,-0.14544784644842146
4.34,0.28910696329998853,0.00016682989318581306,0.08621691037513543,-0.15929171335051587,0.013177239776511567,-7.116029174297563e-05,0.04000261518377876,-0.14532707906384018
4.36,0.28937039306165435,0.00016540730856172983,0.08701661346641991,-0.16219698626431833,0.013165625780586564,-7.109757334729172e-05,0.039967358163521594,-0.14519899244382975
4.38,0.2896335839068326,0.00016398601414464352,0.08781559127043047,-0.1650996242533661,0.013153348127751555,-7.1031271043283e-05,0.039930086456392594,-0.14506358658839016
4.4,0.289896522562385,0.00016256608161272068,0.08861380349342977,-0.16799948093295097,0.013140406818006552,-7.09613848309495e-05,0.03989080006239175,-0.1449208614975214
4.42,0.29015919575517346,0.00016114758264412776,0.08941120984168033,-0.17089640991836413,0.013126801851351545,-7.088791471029117e-05,0.03984949898151907,-0.14477081717122345
4.44,0.29042159021205965,0.00015973058891703118,0.09020777002144474,-0.17379026482489712,0.013112533227786535,-7.081086068130806e-05,0.03980618321377456,-0.14461345360949635
4.46,0.29068369265990546,0.0001583151721095976,0.0910034437389855,-0.1766808992678412,0.013097600947311529,-7.073022274400017e-05,0.03976085275915821,-0.14444877081234006
4.48,0.2909454898255727,0.00015690140389999335,0.09179819070056525,-0.17956816686248778,0.013082005009926526,-7.064600089836748e-05,0.039713507617670014,-0.14427676877975465
4.5,0.29120696843592314,0.00015548935596638506,0.09259197061244649,-0.18245192122412845,0.013065745415631512,-7.055819514441e-05,0.03966414778930998,-0.14409744751174003
4.5200000000000005,0.2914681152178186,0.00015407909998693906,0.09338474318089185,-0.18533201596805465,0.013048822164426505,-7.04668054821277e-05,0.039612773274078104,-0.14391080700829623
4.54,0.2917289168981208,0.00015267070763982213,0.09417646811216378,-0.18820830470955735,0.013031235256311498,-7.037183191152065e-05,0.03955938407197441,-0.14371684726942333
4.5600000000000005,0.29198936020369165,0.0001512642506032004,0.09496710511252501,-0.1910806410639287,0.013012984691286485,-7.027327443258876e-05,0.03950398018299887,-0.1435155682951212
4.58,0.29224943186139285,0.0001498598005552407,0.09575661388823795,-0.19394887864645943,0.012994070469351478,-7.01711330453321e-05,0.03944656160715149,-0.14330697008538992
4.6000000000000005,0.2925091185980863,0.00014845742917410931,0.09654495414556526,-0.1968128710724414,0.012974492590506467,-7.006540774975064e-05,0.03938712834443226,-0.14309105264022948
4.62,0.29276840714063374,0.0001470572081379729,0.09733208559076943,-0.1996724719571657,0.012954251054751457,-6.995609854584437e-05,0.0393256803948412,-0.14286781595963988
4.64,0.29302728421589697,0.00014565920912499772,0.09811796793011307,-0.20252753491592412,0.012933345862086446,-6.98432054336133e-05,0.03926221775837831,-0.14263726004362107
4.66,0.2932857365507378,0.00014426350381335047,0.09890256086985877,-0.20537791356400775,0.012911777012511439,-6.972672841305745e-05,0.039196740435043564,-0.14239938489217313
4.68,0.293543750872018,0.00014287016388119767,0.09968582411626899,-0.20822346151670812,0.012889544506026425,-6.960666748417683e-05,0.039129248424837,-0.142154190505296
4.7,0.2938013139065994,0.00014147926100670555,0.10046771737560643,-0.21106403238931676,0.012866648342631414,-6.948302264697137e-05,0.03905974172775859,-0.1419016768829897
4.72,0.2940584123813439,0.00014009086686804094,0.10124820035413352,-0.21389947979712476,0.0128430885223264,-6.935579390144114e-05,0.03898822034380835,-0.1416418440252543
4.74,0.29431503302311307,0.0001387050531433701,0.10202723275811292,-0.21672965735542404,0.012818865045111396,-6.922498124758611e-05,0.038914684272986264,-0.14137469193208965
4.76,0.2945711625587689,0.00013732189151085964,0.10280477429380716,-0.2195544186795056,0.012793977910986378,-6.909058468540626e-05,0.038839133515292334,-0.1411002206034958
4.78,0.2948267877151732,0.000135941453648676,0.10358078466747883,-0.222373617384661,0.012768427119951364,-6.895260421490164e-05,0.03876156807072657,-0.14081843003947286
4.8,0.29508189521918754,0.00013456381123498577,0.10435522358539043,-0.22518710708618161,0.012742212672006356,-6.881103983607223e-05,0.03868198793928897,-0.14052932024002074
4.82,0.295336471797674,0.00013318903594795533,0.10512805075380456,-0.227994741399359,0.012715334567151342,-6.866589154891802e-05,0.03860039312097954,-0.14023289120513943
4.84,0.2955905041774942,0.0001318171994657512,0.10589922587898377,-0.23079637393948438,0.012687792805386323,-6.851715935343901e-05,0.038516783615798265,-0.13992914293482897
4.86,0.29584397908551,0.00013044837346653992,0.10666870866719068,-0.23359185832184926,0.012659587386711316,-6.836484324963521e-05,0.03843115942374515,-0.13961807542908936
4.88,0.2960968832485833,0.00012908262962848797,0.10743645882468777,-0.23638104816174504,0.012630718311126297,-6.820894323750661e-05,0.038343520544820195,-0.13929968868792056
4.9,0.29634920339357573,0.00012772003962976174,0.1082024360577377,-0.23916379707446328,0.01260118557863128,-6.80494593170532e-05,0.038253866979023395,-0.13897398271132258
4.92,0.2966009262473492,0.00012636067514852802,0.10896660007260289,-0.2419399586752951,0.012570989189226271,-6.7886391488275e-05,0.038162198726354776,-0.13864095749929548
4.94,0.2968520385367654,0.0001250046078629529,0.10972891057554608,-0.24470938657953223,0.012540129142911253,-6.7719739751172e-05,0.03806851578681431,-0.13830061305183916
4.96,0.2971025269886862,0.00012365190945120321,0.11048932727282969,-0.24747193440246584,0.012508605439686234,-6.754950410574422e-05,0.03797281816040201,-0.1379529493689537
4.98,0.2973523783299734,0.00012230265159144537,0.11124780987071632,-0.25022745575938743,0.012476418079551216,-6.737568455199166e-05,0.03787510584711787,-0.13759796645063907
5.0,0.29760157928748887,0.00012095690596184577,0.11200431807546857,-0.2529758042655885,0.012443567062506204,-6.719828108991429e-05,0.03777537884696189,-0.13723566429689527
5.0200000000000005,0.29785011658809424,0.00011961474424057096,0.11275881159334901,-0.2557168335363605,0.012410052388551186,-6.701729371951212e-05,0.03767363715993406,-0.13686604290772228
5.04,0.2980979769586515,0.0001182762381057874,0.11351125013062013,-0.2584503971869946,0.01237587405768617,-6.683272244078515e-05,0.037569880786034404,-0.13648910228312014
5.0600000000000005,0.29834514712602234,0.0001169414592356617,0.11426159339354455,-0.26117634883278246,0.012341032069911155,-6.66445672537334e-05,0.03746410972526293,-0.13610484242308885
5.08,0.29859161381706856,0.00011561047930836032,0.11500980108838482,-0.26389454208901514,0.012305526425226133,-6.645282815835685e-05,0.03735632397761959,-0.1357132633276284
5.1000000000000005,0.29883736375865194,0.00011428337000204955,0.11575583292140351,-0.26660483057098466,0.012269357123631114,-6.625750515465549e-05,0.037246523543104426,-0.13531436499673874
5.12,0.29908238367763434,0.00011296020299489623,0.11649964859886318,-0.2693070678939819,0.012232524165126098,-6.605859824262933e-05,0.03713470842171741,-0.13490814743041993
5.14,0.2993266603008776,0.00011164104996506661,0.1172412078270264,-0.2720011076732985,0.01219502754971108,-6.58561074222784e-05,0.03702087861345857,-0.134494610628672
5.16,0.2995701803552434,0.00011032598259072722,0.11798047031215572,-0.2746868035242259,0.012156867277386057,-6.565003269360265e-05,0.03690503411832788,-0.13407375459149481
5.18,0.2998129305675936,0.0001090150725500447,0.11871739576051366,-0.27736400906205544,0.012118043348151045,-6.544037405660214e-05,0.03678717493632537,-0.1336455793188885
5.2,0.30005489766479004,0.00010770839152118527,0.11945194387836296,-0.28003257790207875,0.012078555762006019,-6.52271315112768e-05,0.036667301067451,-0.133210084810853
5.22,0.3002960683736945,0.00010640601118231576,0.12018407437196592,-0.2826923636595867,0.012038404518951006,-6.501030505762669e-05,0.03654541251170482,-0.1327672710673884
5.24,0.3005364294211687,0.00010510800321160237,0.12091374694758532,-0.28534321994987144,0.011997589618985983,-6.478989469565176e-05,0.03642150926908677,-0.13231713808849455
5.26,0.30077596753407454,0.00010381443928721192,0.12164092131148356,-0.28798500038822356,0.01195611106211096,-6.456590042535205e-05,0.03629559133959691,-0.13185968587417157
5.28,0.30101466943927374,0.00010252539108731052,0.12236555716992337,-0.2906175585899354,0.011913968848325938,-6.433832224672753e-05,0.036167658723235185,-0.13139491442441936
5.3,0.30125252186362816,0.0001012409302900649,0.12308761422916721,-0.29324074817029777,0.011871162977630918,-6.410716015977822e-05,0.03603771142000163,-0.13092282373923803
5.32,0.3014895115339996,9.996112857364156e-05,0.12380705219547761,-0.295854422744602,0.011827693450025895,-6.387241416450413e-05,0.03590574942989626,-0.13044341381862756
5.34,0.3017256251772498,9.868605761620695e-05,0.1245238307751172,-0.2984584359281398,0.011783560265510872,-6.363408426090524e-05,0.03577177275291904,-0.12995668466258792
5.36,0.3019608495202406,9.741578909592749e-05,0.12523790967434859,-0.30105264133620263,0.011738763424085853,-6.339217044898154e-05,0.03563578138906996,-0.1294626362711191
5.38,0.3021951712898338,9.615039469096988e-05,0.1259492485994342,-0.30363689258408166,0.01169330292575083,-6.314667272873308e-05,0.035497775338349066,-0.12896126864422114
5.4,0.3024285772128913,9.488994607950032e-05,0.12665780725663672,-0.30621104328706866,0.011647178770505803,-6.289759110015978e-05,0.035357754600756325,-0.12845258178189395
5.42,0.3026610540162747,9.363451493968564e-05,0.12736354535221867,-0.3087749470604546,0.011600390958350783,-6.264492556326169e-05,0.03521571917629174,-0.12793657568413763
5.44,0.3028925884268459,9.238417294969202e-05,0.1280664225924426,-0.3113284575195313,0.011552939489285756,-6.238867611803881e-05,0.03507166906495533,-0.12741325035095213
5.46,0.30312316717146665,9.113899178768618e-05,0.128766398683571,-0.31387142827958975,0.011504824363310732,-6.212884276449114e-05,0.034925604266747096,-0.1268826057823375
5.48,0.3033527769769989,8.989904313183459e-05,0.12946343333186666,-0.31640371295592185,0.011456045580425712,-6.186542550261869e-05,0.034777524781666985,-0.12634464197829365
5.5,0.3035814045703043,8.866439866030357e-05,0.13015748624359189,-0.31892516516381875,0.011406603140630685,-6.159842433242142e-05,0.03462743060971507,-0.12579935893882066
5.5200000000000005,0.3038090366782447,8.743513005125982e-05,0.13084851712500947,-0.3214356385185718,0.011356497043925658,-6.132783925389936e-05,0.03447532175089128,-0.1252467566639185
5.54,0.30403566002768195,8.621130898286988e-05,0.13153648568238174,-0.3239349866354727,0.011305727290310638,-6.105367026705254e-05,0.03432119820519569,-0.12468683515358714
5.5600000000000005,0.30426126134547776,8.499300713329992e-05,0.13222135162197146,-0.3264230631298125,0.011254293879785611,-6.077591737188088e-05,0.03416505997262825,-0.12411959440782666
5.58,0.304485827358494,8.378029618071671e-05,0.1329030746500411,-0.32889972161688286,0.01120219681235058,-6.049458056838443e-05,0.03400690705318897,-0.123545034426637
5.6000000000000005,0.3047093447935924,8.257324780328664e-05,0.13358161447285324,-0.3313648157119752,0.01114943608800556,-6.0209659856563195e-05,0.03384673944687784,-0.12296315521001816
5.62,0.3049318003776348,8.137193367917635e-05,0.13425693079667037,-0.3338181990303808,0.011096011706750532,-5.992115523641714e-05,0.033684557153694894,-0.12237395675797014
5.64,0.305153180837483,8.01764254865523e-05,0.13492898332775516,-0.336259725187391,0.011041923668585505,-5.962906670794636e-05,0.0335203601736401,-0.12177743907049299
5.66,0.30537347289999883,7.898679490358064e-05,0.13559773177237017,-0.33868924779829757,0.010987171973510478,-5.9333394271150703e-05,0.03335414850671346,-0.12117360214758666
5.68,0.30559266329204404,7.780311360842826e-05,0.1362631358367779,-0.3411066204783918,0.01093175662152545,-5.903413792603029e-05,0.03318592215291499,-0.12056244598925114
5.7,0.3058107387404804,7.662545327926165e-05,0.13692515522724097,-0.3435116968429647,0.010875677612630419,-5.8731297672585085e-05,0.03301568111224469,-0.1199439705954865
5.72,0.30602768597216984,7.545388559424714e-05,0.13758374965002185,-0.34590433050730807,0.010818934946825398,-5.8424873510815094e-05,0.03284342538470256,-0.11931817596629268
5.74,0.306243491713974,7.428848223155123e-05,0.13823887881138322,-0.3482843750867136,0.010761528624110367,-5.811486544072029e-05,0.032669154970288564,-0.11868506210166963
5.76,0.30645814269275484,7.312931486934052e-05,0.1388905024175876,-0.3506516841964722,0.010703458644485336,-5.780127346230067e-05,0.03249286986900274,-0.11804462900161738
5.78,0.30667162563537403,7.197645518578145e-05,0.1395385801748975,-0.3530061114518753,0.010644725007950311,-5.7484097575556285e-05,0.03231457008084508,-0.11739687666613607
5.8,0.3068839272686935,7.082997485904029e-05,0.14018307178957562,-0.3553475104682148,0.010585327714505276,-5.716333778048706e-05,0.032134255605815565,-0.11674180509522553
5.82,0.3070950343195749,6.968994556728398e-05,0.14082393696788437,-0.35767573486078164,0.010525266764150241,-5.6838994077093076e-05,0.031951926443914244,-0.11607941428888585
5.84,0.30730493351488003,6.855643898867885e-05,0.14146113541608635,-0.3599906382448673,0.010464542156885224,-5.651106646537433e-05,0.03176758259514108,-0.11540970424711705
5.86,0.3075136115814709,6.742952680139123e-05,0.14209462684044422,-0.3622920742357634,0.010403153892710185,-5.617955494533074e-05,0.03158122405949605,-0.11473267496991901
5.88,0.3077210552462091,6.630928068358783e-05,0.14272437094722037,-0.3645798964487611,0.010341101971625154,-5.5844459516962393e-05,0.03139285083697921,-0.11404832645729185
5.9,0.30792725123595643,6.519577231343487e-05,0.1433503274426775,-0.36685395849915203,0.010278386393630129,-5.55057801802692e-05,0.03120246292759052,-0.1133566587092355
5.92,0.30813218627757494,6.408907336909913e-05,0.14397245603307818,-0.3691141140022277,0.010215007158725094,-5.5163516935251224e-05,0.031010060331329997,-0.11265767172574997
5.94,0.30833584709792605,6.298925552874698e-05,0.14459071642468493,-0.37136021657327956,0.010150964266910055,-5.481766978190846e-05,0.03081564304819763,-0.11195136550683521
5.96,0.3085382204238719,6.189639047054504e-05,0.1452050683237603,-0.3735921198275983,0.01008625771818503,-5.446823872024093e-05,0.03061921107819343,-0.11123774005249143
5.98,0.3087392929822741,6.081054987265951e-05,0.14581547143656687,-0.3758096773804761,0.010020887512549998,-5.411522375024856e-05,0.030420764421317387,-0.11051679536271841
6.0,0.3089390514999945,5.9731805413257234e-05,0.14642188546936716,-0.3780127428472042,0.009954853650004963,-5.375862487193143e-05,0.03022030307756951,-0.10978853143751621
6.0200000000000005,0.3091374827038949,5.8660228770504314e-05,0.14702427012842387,-0.38020116984307406,0.009888156130549924,-5.339844208528946e-05,0.030017827046949774,-0.10905294827688483
6.04,0.3093345733208371,5.7595891622567736e-05,0.14762258511999937,-0.38237481198337686,0.009820794954184899,-5.303467539032275e-05,0.029813336329458234,-0.10831004588082432
6.0600000000000005,0.30953031007768295,5.653886564761372e-05,0.14821679015035635,-0.38453352288340403,0.00975277012090986,-5.266732478703123e-05,0.02960683092509485,-0.10755982424933463
6.08,0.309724679701294,5.548922252380877e-05,0.1488068449257573,-0.38667715615844733,0.00968408163072483,-5.229639027541492e-05,0.02939831083385963,-0.10680228338241576
6.1000000000000005,0.3099176689185325,5.444703392931921e-05,0.14939270915246494,-0.38880556542379796,0.009614729483629791,-5.192187185547377e-05,0.02918777605575254,-0.10603742328006771
6.12,0.31010926445625986,5.341237154231197e-05,0.14997434253674163,-0.390918604294747,0.009544713679624759,-5.1543769527207856e-05,0.028975226590773645,-0.10526524394229059
6.140000000000001,0.31029945304133805,5.238530704095316e-05,0.15055170478485,-0.39301612638658656,0.009474034218709723,-5.116208329061713e-05,0.028760662438922904,-0.10448574536908417
6.16,0.3104882214006288,5.136591210340945e-05,0.15112475560305272,-0.3950979853146075,0.009402691100884694,-5.077681314570164e-05,0.028544083600200318,-0.10369892756044868
6.18,0.3106755562609941,5.035425840784727e-05,0.15169345469761222,-0.39716403469410166,0.009330684326149648,-5.038795909246134e-05,0.0283254900746059,-0.10290479051638396
6.2,0.31086144434929547,4.9350417632433065e-05,0.1522577617747912,-0.3992141281403603,0.009258013894504612,-4.999552113089622e-05,0.028104881862139636,-0.10210333423689005
6.22,0.3110458723923948,4.835446145533365e-05,0.15281763654085195,-0.4012481192686743,0.009184679805949586,-4.959949926100637e-05,0.027882258962801554,-0.10129455872196708
6.24,0.311228827117154,4.736646155471499e-05,0.15337303870205743,-0.403265861694336,0.009110682060484543,-4.919989348279165e-05,0.027657621376591612,-0.10047846397161486
6.26,0.31141029525043484,4.6386489608744104e-05,0.15392392796466983,-0.405267209032636,0.00903602065810951,-4.8796703796252165e-05,0.027430969103509853,-0.09965504998583347
6.28,0.311590263519099,4.541461729558712e-05,0.15447026403495198,-0.40725201489886653,0.008960695598824467,-4.838993020138787e-05,0.027202302143556248,-0.09882431676462289
6.3,0.3117687186500084,4.4450916293410745e-05,0.1550120066191663,-0.40922013290831827,0.008884706882629427,-4.797957269819881e-05,0.026971620496730797,-0.09798626430798318
6.32,0.31194564737002484,4.349545828038126e-05,0.1555491154235754,-0.411171416676283,0.008808054509524384,-4.756563128668491e-05,0.026738924163033487,-0.0971408926159143
6.34,0.31212103640600997,4.254831493466553e-05,0.1560815501544418,-0.4131057198180519,0.00873073847950935,-4.7148105966846276e-05,0.026504213142464372,-0.09628820168841629
6.36,0.31229487248482574,4.160955793442968e-05,0.15660927051802817,-0.4150228959489167,0.008652758792584314,-4.67269967386828e-05,0.026267487435023412,-0.09542819152548904
6.38,0.31246714233333395,4.0679258957840314e-05,0.15713223622059694,-0.4169227986841685,0.008574115448749274,-4.630230360219454e-05,0.02602874704071062,-0.09456086212713272
6.4,0.31263783267839634,3.975748968306403e-05,0.1576504069684108,-0.41880528163909925,0.00849480844800423,-4.5874026557381485e-05,0.025787991959525983,-0.0936862134933471
6.42,0.31280693024687467,3.884432178826721e-05,0.15816374246773218,-0.4206701984289998,0.008414837790349197,-4.544216560424362e-05,0.025545222191469513,-0.09280424562413242
6.44,0.3129744217656309,3.7939826951616414e-05,0.15867220242482372,-0.4225174026691615,0.008334203475784153,-4.5006720742780964e-05,0.025300437736541184,-0.09191495851948855
6.46,0.31314029396152665,3.704407685127818e-05,0.159175746545948,-0.42434674797487637,0.008252905504309113,-4.456769197299355e-05,0.025053638594741037,-0.09101835217941551
6.48,0.3133045335614239,3.615714316541874e-05,0.15967433453736762,-0.4261580879614355,0.00817094387592407,-4.412507929488129e-05,0.024804824766069045,-0.09011442660391328
6.5,0.31346712729218423,3.527909757220502e-05,0.16016792610534494,-0.42795127624413,0.008088318590629029,-4.367888270844427e-05,0.024553996250525234,-0.08920318179298192
6.5200000000000005,0.3136280618806696,3.4410011749803297e-05,0.1606564809561428,-0.4297261664382517,0.008005029648423992,-4.322910221368247e-05,0.024301153048109564,-0.08828461774662139
6.54,0.31378732405374177,3.3549957376379955e-05,0.1611399587960235,-0.4314826121590919,0.007921077049308951,-4.2775737810595845e-05,0.024046295158822076,-0.08735873446483167
6.5600000000000005,0.31394490053826263,3.269900613010149e-05,0.16161831933124987,-0.4332204670219424,0.0078364607932839,-4.231878949918441e-05,0.0237894225826627,-0.08642553194761271
6.58,0.3141007780610938,3.185722968913478e-05,0.1620915222680842,-0.4349395846420936,0.007751180880348867,-4.185825727944824e-05,0.023530535319631535,-0.08548501019496474
6.6000000000000005,0.3142549433490971,3.102469973164583e-05,0.1625595273127893,-0.43663981863483803,0.0076652373105038155,-4.13941411513872e-05,0.02326963336972851,-0.08453716920688742
6.62,0.3144073831291345,3.0201487935801292e-05,0.16302229417162759,-0.43832102261546635,0.007578630083748775,-4.092644111500137e-05,0.023006716732953666,-0.08358200898338108
6.640000000000001,0.3145580841280676,2.9387665979767937e-05,0.16347978255086157,-0.4399830501992701,0.007491359200083737,-4.0455157170290784e-05,0.02274178540930699,-0.08261952952444557
6.66,0.31470703307275844,2.8583305541711934e-05,0.16393195215675402,-0.44162575500154133,0.0074034246595086894,-3.998028931725541e-05,0.022474839398788457,-0.08164973083008081
6.68,0.3148542166900687,2.778847829979983e-05,0.1643787626955674,-0.44324899063757073,0.007314826462023645,-3.950183755589522e-05,0.022205878701398077,-0.08067261290028693
6.7,0.31499962170685997,2.700325593219834e-05,0.16482017387356412,-0.4448526107226498,0.007225564607628604,-3.901980188621024e-05,0.021934903317135865,-0.07968817573506387
6.72,0.3151432348499944,2.6227710117073682e-05,0.16525614539700695,-0.4464364688720702,0.007135639096323559,-3.853418230820047e-05,0.02166191324600182,-0.07869641933441168
6.74,0.3152850428463336,2.5461912532592356e-05,0.16568663697215846,-0.4480004187011236,0.007045049928108504,-3.804497882186586e-05,0.02138690848799593,-0.0776973436983302
6.76,0.31542503242273934,2.4705934856921342e-05,0.16611160830528093,-0.4495443138251005,0.006953797102983474,-3.755219142720652e-05,0.021109889043118238,-0.07669094882681965
6.78,0.3155631903060735,2.395984876822643e-05,0.1665310191026373,-0.45106800785929324,0.0068618806209484184,-3.7055820124222335e-05,0.02083085491136867,-0.07567723471987992
6.8,0.31569950322319784,2.3223725944674495e-05,0.1669448290704899,-0.4525713544189929,0.006769300482003374,-3.655586491291339e-05,0.020549806092747286,-0.07465620137751106
6.82,0.3158339579009743,2.2497638064431977e-05,0.16735299791510144,-0.45405420711949107,0.006676056686148325,-3.60523257932796e-05,0.020266742587254014,-0.0736278487997129
6.84,0.3159665410662644,2.178165680566548e-05,0.16775548534273427,-0.4555164195760786,0.006582149233383287,-3.554520276532105e-05,0.019981664394888965,-0.07259217698648573
6.86,0.3160972394459302,2.1075853846541333e-05,0.16815225105965115,-0.4569578454040476,0.006487578123708232,-3.503449582903769e-05,0.019694571515652043,-0.07154918593782927
6.88,0.3162260397668333,2.0380300865226143e-05,0.16854325477211451,-0.458378338218689,0.006392343357123194,-3.452020498442959e-05,0.019405463949543317,-0.0704988756537438
6.9,0.31635292875583565,1.9695069539886348e-05,0.16892845618638708,-0.45977775163529433,0.006296444933628138,-3.4002330231496625e-05,0.019114341696562717,-0.06944124613422903
6.92,0.3164778931397991,1.9020231548688336e-05,0.16930781500873127,-0.4611559392691553,0.006199882853223086,-3.348087157023887e-05,0.0188212047567103,-0.06837629737928508
6.94,0.31660091964558523,1.835585856979898e-05,0.16968129094540962,-0.46251275473556297,0.0061026571159080445,-3.2955829000656355e-05,0.018526053129986023,-0.067304029388912
6.96,0.31672199500005593,1.7702022281384285e-05,0.17004884370268492,-0.46384805164980913,0.006004767721682992,-3.242720252274905e-05,0.018228886816389914,-0.0662244421631098
6.98,0.31684110593007314,1.705879436161113e-05,0.1704104329868194,-0.46516168362718435,0.0059062146705479435,-3.1894992136516934e-05,0.017929705815921987,-0.06513753570187841
7.0,0.31695823916249843,1.642624648864584e-05,0.1707660185040759,-0.46645350428298116,0.005806997962502898,-3.135919784196e-05,0.017628510128582214,-0.06404331000521779
7.0200000000000005,0.31707338142419383,1.5804450340654863e-05,0.17111555996071692,-0.46772336723249053,0.005707117597547842,-3.081981963907828e-05,0.017325299754370596,-0.06294176507312799
7.04,0.31718651944202103,1.5193477595804852e-05,0.17145901706300493,-0.46897112609100344,0.005606573575682797,-3.027685752787177e-05,0.01702007469328716,-0.06183290090560911
7.0600000000000005,0.31729763994284177,1.459339993226214e-05,0.17179634951720268,-0.470196634473812,0.005505365896907741,-2.9730311508340446e-05,0.016712834945331823,-0.060716717502660944
7.08,0.3174067296535179,1.4004289028193384e-05,0.17212751702957235,-0.47139974599620715,0.005403494561222695,-2.9180181580484388e-05,0.016403580510504723,-0.05959321486428376
7.1000000000000005,0.31751377530091124,1.3426216561764808e-05,0.17245247930637708,-0.4725803142734806,0.005300959568627639,-2.862646774430346e-05,0.016092311388805736,-0.05846239299047734
7.12,0.3176187636118836,1.2859254211143394e-05,0.17277119605387886,-0.47373819292092323,0.005197760919122593,-2.8069169999797773e-05,0.015779027580234944,-0.05732425188124174
7.140000000000001,0.31772168131329676,1.2303473654495258e-05,0.17308362697834057,-0.474873235553827,0.005093898612707544,-2.7508288346967297e-05,0.015463729084792321,-0.05617879153657701
7.16,0.31782251513201254,1.1758946569986948e-05,0.17338973178602463,-0.4759852957874833,0.004989372649382484,-2.694382278581206e-05,0.015146415902477867,-0.055026011956483156
7.18,0.3179212517948927,1.1225744635784797e-05,0.17368947018319392,-0.47707422723718373,0.004884183029147435,-2.6375773316331954e-05,0.014827088033291524,-0.05386591314096001
7.2,0.31801787802879905,1.0703939530055787e-05,0.17398280187611054,-0.4781398835182189,0.004778329752002382,-2.5804139938527087e-05,0.01450574547723335,-0.052698495090007735
7.22,0.3181123805605934,1.0193602930965925e-05,0.17426968657103736,-0.4791821182458811,0.004671812817947325,-2.5228922652397405e-05,0.014182388234303372,-0.05152375780362639
7.24,0.3182047461171375,9.694806516682085e-06,0.17455008397423688,-0.48020078503546104,0.004564632226982279,-2.4650121457942936e-05,0.013857016304501535,-0.05034170128181581
7.26,0.31829496142529323,9.207621965370383e-06,0.17482395379197163,-0.48119573750225086,0.004456787979107223,-2.4067736355163705e-05,0.013529629687827865,-0.04915232552457599
7.28,0.3183830132119224,8.732120955197691e-06,0.17509125573050416,-0.4821668292615413,0.0043482800743221625,-2.348176734405966e-05,0.013200228384282364,-0.047955630531907045
7.3,0.31846888820388675,8.268375164330235e-06,0.17535194949609706,-0.48311391392862424,0.004239108512627113,-2.28922144246308e-05,0.012868812393865031,-0.04675161630380903
7.32,0.3185525731280481,7.816456270934454e-06,0.175605994795013,-0.48403684511879086,0.0041292732940220594,-2.2299077596877123e-05,0.01253538171657581,-0.04554028284028172
7.34,0.31863405471126827,7.376435953177223e-06,0.17585335133351432,-0.4849354764473326,0.004018774418507003,-2.1702356860798687e-05,0.012199936352414814,-0.044321630141325286
7.36,0.31871331968040895,6.948385889224765e-06,0.1760939788178637,-0.4858096615295411,0.003907611886081942,-2.1102052216395462e-05,0.011862476301381958,-0.04309565820693967
7.38,0.3187903547623321,6.532377757243737e-06,0.17632783695432375,-0.4866592539807073,0.0037957856967468923,-2.0498163663667477e-05,0.01152300156347727,-0.04186236703712498
7.4,0.3188651466838995,6.128483235400255e-06,0.17655488544915704,-0.48748410741612314,0.0036832958505018318,-1.9890691202614622e-05,0.011181512138700722,-0.040621756631881056
7.42,0.31893768217197277,5.736774001861302e-06,0.17677508400862596,-0.48828407545107955,0.0035701423473467886,-1.9279634833237007e-05,0.01083800802705237,-0.03937382699120795
7.44,0.3190079479534139,5.357321734792884e-06,0.17698839233899338,-0.48905901170086885,0.003456325187281721,-1.866499455553455e-05,0.010492489228532104,-0.03811857811510555
7.46,0.31907593075508467,4.990198112362091e-06,0.17719477014652152,-0.48980876978078136,0.003341844370306664,-1.8046770369507413e-05,0.01014495574314006,-0.03685601000357419
7.48,0.3191416173038467,4.6354748127348236e-06,0.17739417713747307,-0.49053320330610894,0.003226699896421603,-1.742496227515538e-05,0.009795407570876186,-0.03558612265661354
7.5,0.31920499432656213,4.293223514077846e-06,0.1775865730181107,-0.4912321658921428,0.003110891765626553,-1.6799570272478558e-05,0.009443844711740479,-0.034308916074223816
7.5200000000000005,0.31926604855009244,3.963515894557816e-06,0.1777719174946969,-0.491905511154175,0.002994419977921485,-1.617059436147695e-05,0.009090267165732913,-0.0330243902564048
7.54,0.31932476670129956,3.646423632341065e-06,0.17795017027349425,-0.49255309270749614,0.0028772845333064345,-1.5538034542150552e-05,0.008734674932853514,-0.031732545203156715
7.5600000000000005,0.3193811355070453,3.3420184055940345e-06,0.17812129106076519,-0.493174764167398,0.0027594854317813805,-1.4901890814499367e-05,0.008377068013102257,-0.030433380914479446
7.58,0.3194351416941914,3.0503718924831643e-06,0.17828523956277254,-0.49377037914917277,0.002641022673346316,-1.4262163178523394e-05,0.008017446406479167,-0.029126897390372997
7.6000000000000005,0.31948677198959974,2.7715557711753287e-06,0.17844197548577856,-0.49433979126811,0.002521896258001255,-1.3618851634222633e-05,0.007655810112984274,-0.027813094630837476
7.62,0.3195360131201321,2.505641719836426e-06,0.17859145853604602,-0.49488285413950295,0.0024021061857461973,-1.297195618159703e-05,0.007292159132617521,-0.026491972635872663
7.640000000000001,0.3195828518126502,2.2527014166336557e-06,0.17873364841983747,-0.4953994213786421,0.002281652456581136,-1.2321476820646693e-05,0.006926493465378936,-0.025163531405478667
7.66,0.3196272747940159,2.0128065397326993e-06,0.17886850484341538,-0.4958893466008194,0.0021605350705060714,-1.1667413551371515e-05,0.006558813111268519,-0.0238277709396556
7.68,0.3196692687910911,1.7860287673006478e-06,0.17899598751304246,-0.496352483421326,0.002038754027521017,-1.1009766373771548e-05,0.0061891180702862425,-0.022484691238403243
7.7,0.31970882053073735,1.57243977750405e-06,0.1791160561349811,-0.49678868545545285,0.0019163093276259521,-1.0348535287846793e-05,0.005817408342432107,-0.021134292301721813
7.72,0.31974591673981667,1.3721112485091296e-06,0.17922867041549395,-0.49719780631849164,0.0017932009708208907,-9.68372029359725e-06,0.005443683927706167,-0.019776574129611313
7.74,0.3197805441451908,1.185114858482327e-06,0.1793337900608435,-0.497579699625734,0.0016694289571058327,-9.015321391022866e-06,0.005067944826108395,-0.01841153672207152
7.76,0.31981268947372155,1.0115222855905165e-06,0.17943137477729237,-0.4979342189924716,0.0015449932864807711,-8.343338580123801e-06,0.004690191037638791,-0.017039180079102545
7.78,0.3198423394522706,8.514052079997047e-07,0.1795213842711032,-0.49826121803399537,0.001419893958945706,-7.667771860899841e-06,0.004310422562297328,-0.01565950420070439
7.8,0.31986948080769995,7.048353038765489e-07,0.1796037782485384,-0.498560550365597,0.0012941309745006513,-6.988621233351092e-06,0.003928639400084061,-0.014272509086877161
7.82,0.31989410026687126,5.71884251387815e-07,0.1796785164158608,-0.4988320696025679,0.0011677043331455791,-6.305886697477556e-06,0.0035448415509988784,-0.01287819473762064
7.84,0.3199161845566464,4.526237286996181e-07,0.17974555847933266,-0.499075629360199,0.0010406140348805173,-5.6195682532792315e-06,0.00315902901504192,-0.01147656115293505
7.86,0.31993572040388707,3.471254139786155e-07,0.17980486414521657,-0.499291083253782,0.000912860079705459,-4.929665900756065e-06,0.0027712017922131293,-0.010067608332820277
7.88,0.31995269453545516,2.554609853915729e-07,0.17985639311977536,-0.499478284898609,0.0007844424676203901,-4.236179639908219e-06,0.0023813598825124793,-0.008651336277276322
7.9,0.3199670936782125,1.7770212110449716e-07,0.1799001051092713,-0.4996370879099705,0.0006553611986253247,-3.5391094707354766e-06,0.0019895032859399975,-0.007227744986303186
7.92,0.3199789045590208,1.1392049928426237e-07,0.17993595981996707,-0.49976734590315797,0.0005256162727202626,-2.8384553932379463e-06,0.0015956320024956838,-0.005796834459900868
7.94,0.31998811390474186,6.4187798097309e-08,0.17996391695812536,-0.49986891249346344,0.00039520768990519706,-2.1342174074156822e-06,0.0011997460321794828,-0.004358604698069368
7.96,0.3199947084422376,2.8575695709752262e-08,0.17998393623000847,-0.49994164129617813,0.00026413545018012796,-1.426395513268576e-06,0.0008018453749915055,-0.0029130557008087976
7.98,0.3199986748983697,7.155870288574721e-09,0.17999597734187917,-0.4999853859265928,0.00013239955354506922,-7.14989710796682e-07,0.0004019300309316687,-0.0014601874681190452
8.0,0.32,1.0842021724855044e-19,0.17999999999999994,-0.5,0.0,0.0,0.0,0.0
